frame,gp,x,reward,total,looped,life
196,0,42,2.0,2.0,False,2
200,0,44,2.0,4.0,False,2
204,0,48,4.0,8.0,False,2
208,0,53,5.0,13.0,False,2
212,0,58,4.0,17.0,False,2
216,0,64,6.0,23.0,False,2
220,0,71,7.0,30.0,False,2
224,0,78,7.0,37.0,False,2
228,0,85,7.0,44.0,False,2
232,0,92,6.0,50.0,False,2
236,0,100,8.0,58.0,False,2
240,0,109,9.0,67.0,False,2
244,0,120,11.0,78.0,False,2
248,0,132,12.0,90.0,False,2
252,0,144,11.0,101.0,False,2
256,0,156,12.0,113.0,False,2
260,0,168,12.0,125.0,False,2
264,0,180,12.0,137.0,False,2
268,0,192,12.0,149.0,False,2
272,0,204,11.0,160.0,False,2
276,0,216,12.0,172.0,False,2
280,0,228,12.0,184.0,False,2
284,0,240,12.0,196.0,False,2
288,0,252,12.0,208.0,False,2
292,0,264,11.0,219.0,False,2
296,0,276,12.0,231.0,False,2
300,0,288,12.0,243.0,False,2
304,0,300,12.0,255.0,False,2
308,0,312,12.0,267.0,False,2
312,0,324,11.0,278.0,False,2
316,0,336,13.0,291.0,False,2
320,0,348,12.0,303.0,False,2
324,0,360,12.0,315.0,False,2
328,0,370,10.0,325.0,False,2
332,0,379,8.0,333.0,False,2
336,0,388,9.0,342.0,False,2
340,0,397,9.0,351.0,False,2
344,0,406,9.0,360.0,False,2
348,0,415,9.0,369.0,False,2
352,0,424,8.0,377.0,False,2
356,0,431,7.0,384.0,False,2
360,0,439,8.0,392.0,False,2
364,0,446,7.0,399.0,False,2
368,0,452,6.0,405.0,False,2
372,0,459,6.0,411.0,False,2
376,0,465,6.0,417.0,False,2
380,0,472,7.0,424.0,False,2
384,0,478,6.0,430.0,False,2
388,0,485,7.0,437.0,False,2
392,0,491,5.0,442.0,False,2
396,0,498,7.0,449.0,False,2
400,0,504,6.0,455.0,False,2
404,0,511,7.0,462.0,False,2
408,0,517,6.0,468.0,False,2
412,0,523,5.0,473.0,False,2
416,0,527,4.0,477.0,False,2
420,0,531,4.0,481.0,False,2
424,0,534,3.0,484.0,False,2
428,0,538,4.0,488.0,False,2
432,0,541,2.0,490.0,False,2
436,0,545,4.0,494.0,False,2
440,0,548,3.0,497.0,False,2
444,0,552,4.0,501.0,False,2
448,0,555,3.0,504.0,False,2
452,0,558,2.0,506.0,False,2
456,0,558,0.0,506.0,False,2
460,0,558,0.0,506.0,False,2
464,0,558,0.0,506.0,False,2
468,0,558,0.0,506.0,False,2
472,0,558,-1.0,505.0,False,2
476,0,558,0.0,505.0,False,2
480,0,558,0.0,505.0,False,2
484,0,558,0.0,505.0,False,2
488,0,558,0.0,505.0,False,2
492,0,558,-1.0,504.0,False,2
496,0,558,0.0,504.0,False,2
500,0,558,0.0,504.0,False,2
504,0,558,0.0,504.0,False,2
508,0,558,0.0,504.0,False,2
512,0,558,-1.0,503.0,False,2
516,0,558,0.0,503.0,False,2
520,0,558,0.0,503.0,False,2
524,0,558,0.0,503.0,False,2
528,0,558,0.0,503.0,False,2
532,0,558,-1.0,502.0,False,2
536,0,559,1.0,503.0,False,2
540,0,559,0.0,503.0,False,2
544,0,560,1.0,504.0,False,2
548,0,560,0.0,504.0,False,2
552,0,561,0.0,504.0,False,2
556,0,561,0.0,504.0,False,2
560,0,562,1.0,505.0,False,2
564,0,562,0.0,505.0,False,2
568,0,562,0.0,505.0,False,2
572,0,562,-1.0,504.0,False,2
576,0,562,0.0,504.0,False,2
580,0,562,0.0,504.0,False,2
584,0,562,0.0,504.0,False,2
588,0,562,0.0,504.0,False,2
592,0,562,-1.0,503.0,False,2
596,0,562,0.0,503.0,False,2
600,0,562,0.0,503.0,False,2
604,0,562,0.0,503.0,False,2
608,0,562,0.0,503.0,False,2
612,0,562,-1.0,502.0,False,2
616,0,562,0.0,502.0,False,2
620,0,562,0.0,502.0,False,2
624,0,562,0.0,502.0,False,2
628,0,562,0.0,502.0,False,2
632,0,562,-1.0,501.0,False,2
636,0,562,0.0,501.0,False,2
640,0,562,0.0,501.0,False,2
644,0,562,0.0,501.0,False,2
648,0,562,0.0,501.0,False,2
652,0,562,-1.0,500.0,False,2
656,0,563,1.0,501.0,False,2
660,0,564,1.0,502.0,False,2
664,0,567,3.0,505.0,False,2
668,0,571,4.0,509.0,False,2
672,0,575,3.0,512.0,False,2
676,0,581,6.0,518.0,False,2
680,0,587,6.0,524.0,False,2
684,0,594,7.0,531.0,False,2
688,0,594,0.0,531.0,False,2
692,0,594,-1.0,530.0,False,2
696,0,594,0.0,530.0,False,2
700,0,596,2.0,532.0,False,2
704,0,596,0.0,532.0,False,2
708,0,597,1.0,533.0,False,2
712,0,599,1.0,534.0,False,2
716,0,600,1.0,535.0,False,2
720,0,600,0.0,535.0,False,2
724,0,600,0.0,535.0,False,2
728,0,601,1.0,536.0,False,2
732,0,601,-1.0,535.0,False,2
736,0,601,0.0,535.0,False,2
740,0,601,0.0,535.0,False,2
744,0,601,0.0,535.0,False,2
748,0,601,0.0,535.0,False,2
752,0,599,-1.0,534.0,False,2
756,0,596,0.0,534.0,False,2
760,0,594,0.0,534.0,False,2
764,0,591,0.0,534.0,False,2
768,0,589,0.0,534.0,False,2
772,0,586,-1.0,533.0,False,2
776,0,585,0.0,533.0,False,2
780,0,584,0.0,533.0,False,2
784,0,584,0.0,533.0,False,2
788,0,584,0.0,533.0,False,2
792,0,584,-1.0,532.0,False,2
796,0,584,0.0,532.0,False,2
800,0,584,0.0,532.0,False,2
804,0,584,0.0,532.0,False,2
808,0,584,0.0,532.0,False,2
812,0,584,-1.0,531.0,False,2
816,0,584,0.0,531.0,False,2
820,0,584,0.0,531.0,False,2
824,0,584,0.0,531.0,False,2
828,0,584,0.0,531.0,False,2
832,0,584,-1.0,530.0,False,2
836,0,584,0.0,530.0,False,2
840,0,584,0.0,530.0,False,2
844,0,584,0.0,530.0,False,2
848,0,584,0.0,530.0,False,2
852,0,584,-1.0,529.0,False,2
856,0,584,0.0,529.0,False,2
860,0,584,0.0,529.0,False,2
864,0,584,0.0,529.0,False,2
868,0,584,0.0,529.0,False,2
872,0,584,-1.0,528.0,False,2
876,0,584,0.0,528.0,False,2
880,0,584,0.0,528.0,False,2
884,0,584,0.0,528.0,False,2
888,0,584,0.0,528.0,False,2
892,0,584,-1.0,527.0,False,2
896,0,584,0.0,527.0,False,2
900,0,584,0.0,527.0,False,2
904,0,584,0.0,527.0,False,2
908,0,584,0.0,527.0,False,2
912,0,584,-1.0,526.0,False,2
916,0,584,0.0,526.0,False,2
920,0,584,0.0,526.0,False,2
924,0,584,0.0,526.0,False,2
928,0,584,0.0,526.0,False,2
932,0,584,-1.0,525.0,False,2
936,0,584,0.0,525.0,False,2
940,0,584,0.0,525.0,False,2
944,0,584,0.0,525.0,False,2
948,0,584,0.0,525.0,False,2
952,0,584,-1.0,524.0,False,2
956,0,584,0.0,524.0,False,2
960,0,584,0.0,524.0,False,2
964,0,584,0.0,524.0,False,2
968,0,584,0.0,524.0,False,2
972,0,584,-1.0,523.0,False,2
976,0,584,0.0,523.0,False,2
980,0,584,0.0,523.0,False,2
984,0,584,0.0,523.0,False,2
988,0,584,0.0,523.0,False,2
992,0,584,-1.0,522.0,False,2
996,0,584,0.0,522.0,False,2
1000,0,584,0.0,522.0,False,2
1004,0,584,0.0,522.0,False,2
1008,0,584,0.0,522.0,False,2
1012,0,584,-1.0,521.0,False,2
1016,0,584,0.0,521.0,False,2
1020,0,584,0.0,521.0,False,2
1024,0,584,0.0,521.0,False,2
1028,0,584,0.0,521.0,False,2
1032,0,584,-1.0,520.0,False,2
1036,0,584,0.0,520.0,False,2
1040,0,584,0.0,520.0,False,2
1044,0,585,0.0,520.0,False,2
1048,0,588,0.0,520.0,False,2
1052,0,593,-1.0,519.0,False,2
1056,0,594,0.0,519.0,False,2
1060,0,594,0.0,519.0,False,2
1064,0,594,0.0,519.0,False,2
1068,0,594,0.0,519.0,False,2
1072,0,594,-1.0,518.0,False,2
1076,0,594,0.0,518.0,False,2
1080,0,594,0.0,518.0,False,2
1084,0,594,0.0,518.0,False,2
1088,0,594,0.0,518.0,False,2
1092,0,594,-1.0,517.0,False,2
1096,0,594,0.0,517.0,False,2
1100,0,594,0.0,517.0,False,2
1104,0,594,0.0,517.0,False,2
1108,0,594,0.0,517.0,False,2
1112,0,594,-1.0,516.0,False,2
1116,0,594,0.0,516.0,False,2
1120,0,594,0.0,516.0,False,2
1124,0,594,0.0,516.0,False,2
1128,0,594,0.0,516.0,False,2
1132,0,594,-1.0,515.0,False,2
1136,0,594,0.0,515.0,False,2
1140,0,594,0.0,515.0,False,2
1144,0,594,0.0,515.0,False,2
1148,0,594,0.0,515.0,False,2
1152,0,594,-1.0,514.0,False,2
1156,0,594,0.0,514.0,False,2
1160,0,594,0.0,514.0,False,2
1164,0,594,0.0,514.0,False,2
1168,0,594,0.0,514.0,False,2
1172,0,594,-1.0,513.0,False,2
1176,0,594,0.0,513.0,False,2
1180,0,594,0.0,513.0,False,2
1184,0,594,0.0,513.0,False,2
1188,0,594,0.0,513.0,False,2
1192,0,594,-1.0,512.0,False,2
1196,0,594,0.0,512.0,False,2
1200,0,594,0.0,512.0,False,2
1204,0,594,0.0,512.0,False,2
1208,0,594,0.0,512.0,False,2
1212,0,594,-1.0,511.0,False,2
1216,0,594,0.0,511.0,False,2
1220,0,594,0.0,511.0,False,2
1224,0,594,0.0,511.0,False,2
1228,0,594,0.0,511.0,False,2
1232,0,594,-1.0,510.0,False,2
1236,0,594,0.0,510.0,False,2
1240,0,594,0.0,510.0,False,2
1244,0,594,0.0,510.0,False,2
1248,0,594,0.0,510.0,False,2
1252,0,594,-1.0,509.0,False,2
1256,0,594,0.0,509.0,False,2
1260,0,594,0.0,509.0,False,2
1264,0,594,0.0,509.0,False,2
1268,0,594,0.0,509.0,False,2
1272,0,594,-1.0,508.0,False,2
1276,0,594,0.0,508.0,False,2
1280,0,594,0.0,508.0,False,2
1284,0,594,0.0,508.0,False,2
1288,0,594,0.0,508.0,False,2
1292,0,594,-1.0,507.0,False,2
1296,0,594,0.0,507.0,False,2
1300,0,594,0.0,507.0,False,2
1304,0,594,0.0,507.0,False,2
1308,0,594,0.0,507.0,False,2
1312,0,594,-1.0,506.0,False,2
1316,0,594,0.0,506.0,False,2
1320,0,594,0.0,506.0,False,2
1324,0,594,0.0,506.0,False,2
1328,0,594,0.0,506.0,False,2
1332,0,594,-1.0,505.0,False,2
1336,0,594,0.0,505.0,False,2
1340,0,594,0.0,505.0,False,2
1344,0,594,0.0,505.0,False,2
1348,0,594,0.0,505.0,False,2
1352,0,594,-1.0,504.0,False,2
1356,0,594,0.0,504.0,False,2
1360,0,594,0.0,504.0,False,2
1364,0,594,0.0,504.0,False,2
1368,0,594,0.0,504.0,False,2
1372,0,594,-1.0,503.0,False,2
1376,0,594,0.0,503.0,False,2
1380,0,594,0.0,503.0,False,2
1384,0,594,0.0,503.0,False,2
1388,0,594,0.0,503.0,False,2
1392,0,594,-1.0,502.0,False,2
1396,0,594,0.0,502.0,False,2
1400,0,594,0.0,502.0,False,2
1404,0,594,0.0,502.0,False,2
1408,0,594,0.0,502.0,False,2
1412,0,594,-1.0,501.0,False,2
1416,0,594,0.0,501.0,False,2
1420,0,594,0.0,501.0,False,2
1424,0,594,0.0,501.0,False,2
1428,0,594,0.0,501.0,False,2
1432,0,594,-1.0,500.0,False,2
1436,0,594,0.0,500.0,False,2
1440,0,594,0.0,500.0,False,2
1444,0,594,0.0,500.0,False,2
1448,0,594,0.0,500.0,False,2
1452,0,594,-1.0,499.0,False,2
1456,0,594,0.0,499.0,False,2
1460,0,594,0.0,499.0,False,2
1464,0,594,0.0,499.0,False,2
1468,0,594,0.0,499.0,False,2
1472,0,594,-1.0,498.0,False,2
1476,0,594,0.0,498.0,False,2
1480,0,594,0.0,498.0,False,2
1484,0,594,0.0,498.0,False,2
1488,0,594,0.0,498.0,False,2
1492,0,594,-1.0,497.0,False,2
1496,0,594,0.0,497.0,False,2
1500,0,594,0.0,497.0,False,2
1504,0,594,0.0,497.0,False,2
1508,0,594,0.0,497.0,False,2
1512,0,594,-1.0,496.0,False,2
1516,0,594,0.0,496.0,False,2
1520,0,594,0.0,496.0,False,2
1524,0,594,0.0,496.0,False,2
1528,0,594,0.0,496.0,False,2
1532,0,594,-1.0,495.0,False,2
1536,0,594,0.0,495.0,False,2
1540,0,594,0.0,495.0,False,2
1544,0,594,0.0,495.0,False,2
1548,0,594,0.0,495.0,False,2
1552,0,594,-1.0,494.0,False,2
1556,0,594,0.0,494.0,False,2
1560,0,594,0.0,494.0,False,2
1564,0,594,0.0,494.0,False,2
1568,0,594,0.0,494.0,False,2
1572,0,594,-1.0,493.0,False,2
1576,0,594,0.0,493.0,False,2
1580,0,594,0.0,493.0,False,2
1584,0,594,0.0,493.0,False,2
1588,0,594,0.0,493.0,False,2
1592,0,594,-1.0,492.0,False,2
1596,0,594,0.0,492.0,False,2
1600,0,594,0.0,492.0,False,2
1604,0,594,0.0,492.0,False,2
1608,0,594,0.0,492.0,False,2
1612,0,594,-1.0,491.0,False,2
1616,0,594,0.0,491.0,False,2
1620,0,594,0.0,491.0,False,2
1624,0,594,0.0,491.0,False,2
1628,0,594,0.0,491.0,False,2
1632,0,594,-1.0,490.0,False,2
1636,0,594,0.0,490.0,False,2
1640,0,594,0.0,490.0,False,2
1644,0,594,0.0,490.0,False,2
1648,0,594,0.0,490.0,False,2
1652,0,594,-1.0,489.0,False,2
1656,0,594,0.0,489.0,False,2
1660,0,594,0.0,489.0,False,2
1664,0,594,0.0,489.0,False,2
1668,0,594,0.0,489.0,False,2
1672,0,594,-1.0,488.0,False,2
1676,0,594,0.0,488.0,False,2
1680,0,594,0.0,488.0,False,2
1684,0,594,0.0,488.0,False,2
1688,0,594,0.0,488.0,False,2
1692,0,594,-1.0,487.0,False,2
1696,0,594,0.0,487.0,False,2
1700,0,594,0.0,487.0,False,2
1704,0,594,0.0,487.0,False,2
1708,0,594,0.0,487.0,False,2
1712,0,594,-1.0,486.0,False,2
1716,0,594,0.0,486.0,False,2
1720,0,594,0.0,486.0,False,2
1724,0,594,0.0,486.0,False,2
1728,0,594,0.0,486.0,False,2
1732,0,594,-1.0,485.0,False,2
1736,0,594,0.0,485.0,False,2
1740,0,594,0.0,485.0,False,2
1744,0,594,0.0,485.0,False,2
1748,0,594,0.0,485.0,False,2
1752,0,594,-1.0,484.0,False,2
1756,0,594,0.0,484.0,False,2
1760,0,594,0.0,484.0,False,2
1764,0,594,0.0,484.0,False,2
1768,0,594,0.0,484.0,False,2
1772,0,594,-1.0,483.0,False,2
1776,0,594,0.0,483.0,False,2
1780,0,594,0.0,483.0,False,2
1784,0,594,0.0,483.0,False,2
1788,0,594,0.0,483.0,False,2
1792,0,594,-1.0,482.0,False,2
1796,0,594,0.0,482.0,False,2
1800,0,594,0.0,482.0,False,2
1804,0,594,0.0,482.0,False,2
1808,0,594,0.0,482.0,False,2
1812,0,594,-1.0,481.0,False,2
1816,0,594,0.0,481.0,False,2
1820,0,594,0.0,481.0,False,2
1824,0,594,0.0,481.0,False,2
1828,0,594,0.0,481.0,False,2
1832,0,594,-1.0,480.0,False,2
1836,0,594,0.0,480.0,False,2
1840,0,594,0.0,480.0,False,2
1844,0,594,0.0,480.0,False,2
1848,0,594,0.0,480.0,False,2
1852,0,594,-1.0,479.0,False,2
1856,0,594,0.0,479.0,False,2
1860,0,594,0.0,479.0,False,2
1864,0,594,0.0,479.0,False,2
1868,0,594,0.0,479.0,False,2
1872,0,594,-1.0,478.0,False,2
1876,0,594,0.0,478.0,False,2
1880,0,594,0.0,478.0,False,2
1884,0,594,0.0,478.0,False,2
1888,0,594,0.0,478.0,False,2
1892,0,594,-1.0,477.0,False,2
1896,0,594,0.0,477.0,False,2
1900,0,594,0.0,477.0,False,2
1904,0,594,0.0,477.0,False,2
1908,0,594,0.0,477.0,False,2
1912,0,594,-1.0,476.0,False,2
1916,0,594,0.0,476.0,False,2
1920,0,594,0.0,476.0,False,2
1924,0,594,0.0,476.0,False,2
1928,0,594,0.0,476.0,False,2
1932,0,594,-1.0,475.0,False,2
1936,0,594,0.0,475.0,False,2
1940,0,594,0.0,475.0,False,2
1944,0,594,0.0,475.0,False,2
1948,0,594,0.0,475.0,False,2
1952,0,594,-1.0,474.0,False,2
1956,0,594,0.0,474.0,False,2
1960,0,594,0.0,474.0,False,2
1964,0,594,0.0,474.0,False,2
1968,0,594,0.0,474.0,False,2
1972,0,594,-1.0,473.0,False,2
1976,0,594,0.0,473.0,False,2
1980,0,594,0.0,473.0,False,2
1984,0,594,0.0,473.0,False,2
1988,0,594,0.0,473.0,False,2
1992,0,594,-1.0,472.0,False,2
1996,0,594,0.0,472.0,False,2
2000,0,594,0.0,472.0,False,2
2004,0,594,0.0,472.0,False,2
2008,0,594,0.0,472.0,False,2
2012,0,594,-1.0,471.0,False,2
2016,0,594,0.0,471.0,False,2
2020,0,594,0.0,471.0,False,2
2024,0,594,0.0,471.0,False,2
2028,0,594,0.0,471.0,False,2
2032,0,594,-1.0,470.0,False,2
2036,0,594,0.0,470.0,False,2
2040,0,594,0.0,470.0,False,2
2044,0,594,0.0,470.0,False,2
2048,0,594,0.0,470.0,False,2
2052,0,594,-1.0,469.0,False,2
2056,0,594,0.0,469.0,False,2
2060,0,594,0.0,469.0,False,2
2064,0,594,0.0,469.0,False,2
2068,0,594,0.0,469.0,False,2
2072,0,594,-1.0,468.0,False,2
2076,0,594,0.0,468.0,False,2
2080,0,594,0.0,468.0,False,2
2084,0,594,0.0,468.0,False,2
2088,0,594,0.0,468.0,False,2
2092,0,594,-1.0,467.0,False,2
2096,0,594,0.0,467.0,False,2
2100,0,594,0.0,467.0,False,2
2104,0,594,0.0,467.0,False,2
2108,0,594,0.0,467.0,False,2
2112,0,594,-1.0,466.0,False,2
2116,0,594,0.0,466.0,False,2
2120,0,594,0.0,466.0,False,2
2124,0,594,0.0,466.0,False,2
2128,0,594,0.0,466.0,False,2
2132,0,594,-1.0,465.0,False,2
2136,0,594,0.0,465.0,False,2
2140,0,594,0.0,465.0,False,2
2144,0,594,0.0,465.0,False,2
2148,0,594,0.0,465.0,False,2
2152,0,594,-1.0,464.0,False,2
2156,0,594,0.0,464.0,False,2
2160,0,594,0.0,464.0,False,2
2164,0,594,0.0,464.0,False,2
2168,0,594,0.0,464.0,False,2
2172,0,594,-1.0,463.0,False,2
2176,0,594,0.0,463.0,False,2
2180,0,594,0.0,463.0,False,2
2184,0,594,0.0,463.0,False,2
2188,0,594,0.0,463.0,False,2
2192,0,594,-1.0,462.0,False,2
2196,0,594,0.0,462.0,False,2
2200,0,594,0.0,462.0,False,2
2204,0,594,0.0,462.0,False,2
2208,0,594,0.0,462.0,False,2
2212,0,594,-1.0,461.0,False,2
2216,0,594,0.0,461.0,False,2
2220,0,594,0.0,461.0,False,2
2224,0,594,0.0,461.0,False,2
2228,0,594,0.0,461.0,False,2
2232,0,594,-1.0,460.0,False,2
2236,0,594,0.0,460.0,False,2
2240,0,594,0.0,460.0,False,2
2244,0,594,0.0,460.0,False,2
2248,0,594,0.0,460.0,False,2
2252,0,594,-1.0,459.0,False,2
2256,0,594,0.0,459.0,False,2
2260,0,594,0.0,459.0,False,2
2264,0,594,0.0,459.0,False,2
2268,0,594,0.0,459.0,False,2
2272,0,594,-1.0,458.0,False,2
2276,0,594,0.0,458.0,False,2
2280,0,594,0.0,458.0,False,2
2284,0,594,0.0,458.0,False,2
2288,0,594,0.0,458.0,False,2
2292,0,594,-1.0,457.0,False,2
2296,0,594,0.0,457.0,False,2
2300,0,594,0.0,457.0,False,2
2304,0,594,0.0,457.0,False,2
2308,0,594,0.0,457.0,False,2
2312,0,594,-1.0,456.0,False,2
2316,0,594,0.0,456.0,False,2
2320,0,594,0.0,456.0,False,2
2324,0,594,0.0,456.0,False,2
2328,0,594,0.0,456.0,False,2
2332,0,594,-1.0,455.0,False,2
2336,0,594,0.0,455.0,False,2
2340,0,594,0.0,455.0,False,2
2344,0,594,0.0,455.0,False,2
2348,0,594,0.0,455.0,False,2
2352,0,594,-1.0,454.0,False,2
2356,0,594,0.0,454.0,False,2
2360,0,594,0.0,454.0,False,2
2364,0,594,0.0,454.0,False,2
2368,0,594,0.0,454.0,False,2
2372,0,594,-1.0,453.0,False,2
2376,0,594,0.0,453.0,False,2
2380,0,594,0.0,453.0,False,2
2384,0,594,0.0,453.0,False,2
2388,0,594,0.0,453.0,False,2
2392,0,594,-1.0,452.0,False,2
2396,0,594,0.0,452.0,False,2
2400,0,594,0.0,452.0,False,2
2404,0,594,0.0,452.0,False,2
2408,0,594,0.0,452.0,False,2
2412,0,594,-1.0,451.0,False,2
2416,0,594,0.0,451.0,False,2
2420,0,594,0.0,451.0,False,2
2424,0,594,0.0,451.0,False,2
2428,0,594,0.0,451.0,False,2
2432,0,594,-1.0,450.0,False,2
2436,0,594,0.0,450.0,False,2
2440,0,594,0.0,450.0,False,2
2444,0,594,0.0,450.0,False,2
2448,0,594,0.0,450.0,False,2
2452,0,594,-1.0,449.0,False,2
2456,0,594,0.0,449.0,False,2
2460,0,594,0.0,449.0,False,2
2464,0,594,0.0,449.0,False,2
2468,0,594,0.0,449.0,False,2
2472,0,594,-1.0,448.0,False,2
2476,0,594,0.0,448.0,False,2
2480,0,594,0.0,448.0,False,2
2484,0,594,0.0,448.0,False,2
2488,0,594,0.0,448.0,False,2
2492,0,594,-1.0,447.0,False,2
2496,0,594,0.0,447.0,False,2
2500,0,594,0.0,447.0,False,2
2504,0,594,0.0,447.0,False,2
2508,0,594,0.0,447.0,False,2
2512,0,594,-1.0,446.0,False,2
2516,0,594,0.0,446.0,False,2
2520,0,594,0.0,446.0,False,2
2524,0,594,0.0,446.0,False,2
2528,0,594,0.0,446.0,False,2
2532,0,594,-1.0,445.0,False,2
2536,0,594,0.0,445.0,False,2
2540,0,594,0.0,445.0,False,2
2544,0,594,0.0,445.0,False,2
2548,0,594,0.0,445.0,False,2
2552,0,594,-1.0,444.0,False,2
2556,0,594,0.0,444.0,False,2
2560,0,594,0.0,444.0,False,2
2564,0,594,0.0,444.0,False,2
2568,0,594,0.0,444.0,False,2
2572,0,594,-1.0,443.0,False,2
2576,0,594,0.0,443.0,False,2
2580,0,594,0.0,443.0,False,2
2584,0,594,0.0,443.0,False,2
2588,0,594,0.0,443.0,False,2
2592,0,594,-1.0,442.0,False,2
2596,0,594,0.0,442.0,False,2
2600,0,594,0.0,442.0,False,2
2604,0,594,0.0,442.0,False,2
2608,0,594,0.0,442.0,False,2
2612,0,594,-1.0,441.0,False,2
2616,0,594,0.0,441.0,False,2
2620,0,594,0.0,441.0,False,2
2624,0,594,0.0,441.0,False,2
2628,0,594,0.0,441.0,False,2
2632,0,594,-1.0,440.0,False,2
2636,0,594,0.0,440.0,False,2
2640,0,594,0.0,440.0,False,2
2644,0,594,0.0,440.0,False,2
2648,0,594,0.0,440.0,False,2
2652,0,594,-1.0,439.0,False,2
2656,0,594,0.0,439.0,False,2
2660,0,594,0.0,439.0,False,2
2664,0,593,0.0,439.0,False,2
2668,0,593,0.0,439.0,False,2
2672,0,593,-1.0,438.0,False,2
2676,0,593,0.0,438.0,False,2
2680,0,592,0.0,438.0,False,2
2684,0,592,0.0,438.0,False,2
2688,0,592,0.0,438.0,False,2
2692,0,592,-1.0,437.0,False,2
2696,0,592,0.0,437.0,False,2
2700,0,592,0.0,437.0,False,2
2704,0,592,0.0,437.0,False,2
2708,0,592,0.0,437.0,False,2
2712,0,592,-1.0,436.0,False,2
2716,0,592,0.0,436.0,False,2
2720,0,592,0.0,436.0,False,2
2724,0,592,0.0,436.0,False,2
2728,0,592,0.0,436.0,False,2
2732,0,592,-1.0,435.0,False,2
2736,0,592,0.0,435.0,False,2
2740,0,593,0.0,435.0,False,2
2744,0,594,0.0,435.0,False,2
2748,0,594,0.0,435.0,False,2
2752,0,594,-1.0,434.0,False,2
2756,0,594,0.0,434.0,False,2
2760,0,594,0.0,434.0,False,2
2764,0,594,0.0,434.0,False,2
2768,0,594,0.0,434.0,False,2
2772,0,594,-1.0,433.0,False,2
2776,0,594,0.0,433.0,False,2
2780,0,594,0.0,433.0,False,2
2784,0,594,0.0,433.0,False,2
2788,0,594,0.0,433.0,False,2
2792,0,594,-1.0,432.0,False,2
2796,0,594,0.0,432.0,False,2
2800,0,594,0.0,432.0,False,2
2804,0,594,0.0,432.0,False,2
2808,0,594,0.0,432.0,False,2
2812,0,594,-1.0,431.0,False,2
2816,0,594,0.0,431.0,False,2
2820,0,594,0.0,431.0,False,2
2824,0,594,0.0,431.0,False,2
2828,0,594,0.0,431.0,False,2
2832,0,594,-1.0,430.0,False,2
2836,0,594,0.0,430.0,False,2
2840,0,594,0.0,430.0,False,2
2844,0,594,0.0,430.0,False,2
2848,0,594,0.0,430.0,False,2
2852,0,594,-1.0,429.0,False,2
2856,0,594,0.0,429.0,False,2
2860,0,594,0.0,429.0,False,2
2864,0,594,0.0,429.0,False,2
2868,0,594,0.0,429.0,False,2
2872,0,594,-1.0,428.0,False,2
2876,0,594,0.0,428.0,False,2
2880,0,594,0.0,428.0,False,2
2884,0,594,0.0,428.0,False,2
2888,0,594,0.0,428.0,False,2
2892,0,594,-1.0,427.0,False,2
2896,0,594,0.0,427.0,False,2
2900,0,594,0.0,427.0,False,2
2904,0,594,0.0,427.0,False,2
2908,0,594,0.0,427.0,False,2
2912,0,594,-1.0,426.0,False,2
2916,0,594,0.0,426.0,False,2
2920,0,594,0.0,426.0,False,2
2924,0,594,0.0,426.0,False,2
2928,0,594,0.0,426.0,False,2
2932,0,594,-1.0,425.0,False,2
2936,0,594,0.0,425.0,False,2
2940,0,594,0.0,425.0,False,2
2944,0,594,0.0,425.0,False,2
2948,0,594,0.0,425.0,False,2
2952,0,594,-1.0,424.0,False,2
2956,0,593,0.0,424.0,False,2
2960,0,593,0.0,424.0,False,2
2964,0,592,0.0,424.0,False,2
2968,0,592,0.0,424.0,False,2
2972,0,591,-1.0,423.0,False,2
2976,0,591,0.0,423.0,False,2
2980,0,591,0.0,423.0,False,2
2984,0,591,0.0,423.0,False,2
2988,0,590,0.0,423.0,False,2
2992,0,590,-1.0,422.0,False,2
2996,0,590,0.0,422.0,False,2
3000,0,590,0.0,422.0,False,2
3004,0,590,0.0,422.0,False,2
3008,0,590,0.0,422.0,False,2
3012,0,590,-1.0,421.0,False,2
3016,0,590,0.0,421.0,False,2
3020,0,590,0.0,421.0,False,2
3024,0,590,0.0,421.0,False,2
3028,0,590,0.0,421.0,False,2
3032,0,591,-1.0,420.0,False,2
3036,0,591,0.0,420.0,False,2
3040,0,591,0.0,420.0,False,2
3044,0,591,0.0,420.0,False,2
3048,0,591,0.0,420.0,False,2
3052,0,591,-1.0,419.0,False,2
3056,0,591,0.0,419.0,False,2
3060,0,591,0.0,419.0,False,2
3064,0,591,0.0,419.0,False,2
3068,0,591,0.0,419.0,False,2
3072,0,591,-1.0,418.0,False,2
3076,0,591,0.0,418.0,False,2
3080,0,591,0.0,418.0,False,2
3084,0,591,0.0,418.0,False,2
3088,0,591,0.0,418.0,False,2
3092,0,591,-1.0,417.0,False,2
3096,0,591,0.0,417.0,False,2
3100,0,591,0.0,417.0,False,2
3104,0,591,0.0,417.0,False,2
3108,0,591,0.0,417.0,False,2
3112,0,591,-1.0,416.0,False,2
3116,0,591,0.0,416.0,False,2
3120,0,590,0.0,416.0,False,2
3124,0,590,0.0,416.0,False,2
3128,0,590,0.0,416.0,False,2
3132,0,590,-1.0,415.0,False,2
3136,0,589,0.0,415.0,False,2
3140,0,589,0.0,415.0,False,2
3144,0,589,0.0,415.0,False,2
3148,0,589,0.0,415.0,False,2
3152,0,589,-1.0,414.0,False,2
3156,0,589,0.0,414.0,False,2
3160,0,589,0.0,414.0,False,2
3164,0,589,0.0,414.0,False,2
3168,0,589,0.0,414.0,False,2
3172,0,589,-1.0,413.0,False,2
3176,0,589,0.0,413.0,False,2
3180,0,589,0.0,413.0,False,2
3184,0,589,0.0,413.0,False,2
3188,0,589,0.0,413.0,False,2
3192,0,589,-1.0,412.0,False,2
3196,0,589,0.0,412.0,False,2
3200,0,589,0.0,412.0,False,2
3204,0,589,0.0,412.0,False,2
3208,0,589,0.0,412.0,False,2
3212,0,589,-1.0,411.0,False,2
3216,0,589,0.0,411.0,False,2
3220,0,589,0.0,411.0,False,2
3224,0,589,0.0,411.0,False,2
3228,0,589,0.0,411.0,False,2
3232,0,589,-1.0,410.0,False,2
3236,0,589,0.0,410.0,False,2
3240,0,589,0.0,410.0,False,2
3244,0,589,0.0,410.0,False,2
3248,0,589,0.0,410.0,False,2
3252,0,589,-1.0,409.0,False,2
3256,0,589,0.0,409.0,False,2
3260,0,589,0.0,409.0,False,2
3264,0,589,0.0,409.0,False,2
3268,0,589,0.0,409.0,False,2
3272,0,589,-1.0,408.0,False,2
3276,0,590,0.0,408.0,False,2
3280,0,593,0.0,408.0,False,2
3284,0,594,0.0,408.0,False,2
3288,0,594,0.0,408.0,False,2
3292,0,594,-1.0,407.0,False,2
3296,0,594,0.0,407.0,False,2
3300,0,594,0.0,407.0,False,2
3304,0,594,0.0,407.0,False,2
3308,0,594,0.0,407.0,False,2
3312,0,594,-1.0,406.0,False,2
3316,0,594,0.0,406.0,False,2
3320,0,594,0.0,406.0,False,2
3324,0,594,0.0,406.0,False,2
3328,0,594,0.0,406.0,False,2
3332,0,594,-1.0,405.0,False,2
3336,0,594,0.0,405.0,False,2
3340,0,594,0.0,405.0,False,2
3344,0,594,0.0,405.0,False,2
3348,0,594,0.0,405.0,False,2
3352,0,594,-1.0,404.0,False,2
3356,0,594,0.0,404.0,False,2
3360,0,594,0.0,404.0,False,2
3364,0,594,0.0,404.0,False,2
3368,0,594,0.0,404.0,False,2
3372,0,594,-1.0,403.0,False,2
3376,0,594,0.0,403.0,False,2
3380,0,594,0.0,403.0,False,2
3384,0,594,0.0,403.0,False,2
3388,0,594,0.0,403.0,False,2
3392,0,594,-1.0,402.0,False,2
3396,0,594,0.0,402.0,False,2
3400,0,594,0.0,402.0,False,2
3404,0,594,0.0,402.0,False,2
3408,0,594,0.0,402.0,False,2
3412,0,594,-1.0,401.0,False,2
3416,0,594,0.0,401.0,False,2
3420,0,594,0.0,401.0,False,2
3424,0,594,0.0,401.0,False,2
3428,0,594,0.0,401.0,False,2
3432,0,594,-1.0,400.0,False,2
3436,0,594,0.0,400.0,False,2
3440,0,594,0.0,400.0,False,2
3444,0,594,0.0,400.0,False,2
3448,0,594,0.0,400.0,False,2
3452,0,594,-1.0,399.0,False,2
3456,0,594,0.0,399.0,False,2
3460,0,594,0.0,399.0,False,2
3464,0,594,0.0,399.0,False,2
3468,0,594,0.0,399.0,False,2
3472,0,594,-1.0,398.0,False,2
3476,0,594,0.0,398.0,False,2
3480,0,594,0.0,398.0,False,2
3484,0,594,0.0,398.0,False,2
3488,0,594,0.0,398.0,False,2
3492,0,594,-1.0,397.0,False,2
3496,0,594,0.0,397.0,False,2
3500,0,594,0.0,397.0,False,2
3504,0,594,0.0,397.0,False,2
3508,0,594,0.0,397.0,False,2
3512,0,594,-1.0,396.0,False,2
3516,0,594,0.0,396.0,False,2
3520,0,594,0.0,396.0,False,2
3524,0,594,0.0,396.0,False,2
3528,0,594,0.0,396.0,False,2
3532,0,594,-1.0,395.0,False,2
3536,0,594,0.0,395.0,False,2
3540,0,594,0.0,395.0,False,2
3544,0,593,0.0,395.0,False,2
3548,0,593,0.0,395.0,False,2
3552,0,594,-1.0,394.0,False,2
3556,0,594,0.0,394.0,False,2
3560,0,594,0.0,394.0,False,2
3564,0,594,0.0,394.0,False,2
3568,0,594,0.0,394.0,False,2
3572,0,594,-1.0,393.0,False,2
3576,0,594,0.0,393.0,False,2
3580,0,594,0.0,393.0,False,2
3584,0,594,0.0,393.0,False,2
3588,0,594,0.0,393.0,False,2
3592,0,594,-1.0,392.0,False,2
3596,0,594,0.0,392.0,False,2
3600,0,594,0.0,392.0,False,2
3604,0,594,0.0,392.0,False,2
3608,0,594,0.0,392.0,False,2
3612,0,594,-1.0,391.0,False,2
3616,0,594,0.0,391.0,False,2
3620,0,594,0.0,391.0,False,2
3624,0,594,0.0,391.0,False,2
3628,0,594,0.0,391.0,False,2
3632,0,594,-1.0,390.0,False,2
3636,0,594,0.0,390.0,False,2
3640,0,594,0.0,390.0,False,2
3644,0,594,0.0,390.0,False,2
3648,0,594,0.0,390.0,False,2
3652,0,594,-1.0,389.0,False,2
3656,0,594,0.0,389.0,False,2
3660,0,594,0.0,389.0,False,2
3664,0,594,0.0,389.0,False,2
3668,0,594,0.0,389.0,False,2
3672,0,594,-1.0,388.0,False,2
3676,0,594,0.0,388.0,False,2
3680,0,594,0.0,388.0,False,2
3684,0,594,0.0,388.0,False,2
3688,0,594,0.0,388.0,False,2
3692,0,594,-1.0,387.0,False,2
3696,0,594,0.0,387.0,False,2
3700,0,594,0.0,387.0,False,2
3704,0,592,0.0,387.0,False,2
3708,0,588,0.0,387.0,False,2
3712,0,582,-1.0,386.0,False,2
3716,0,575,0.0,386.0,False,2
3720,0,568,0.0,386.0,False,2
3724,0,561,0.0,386.0,False,2
3728,0,554,0.0,386.0,False,2
3732,0,545,-1.0,385.0,False,2
3736,0,534,0.0,385.0,False,2
3740,0,522,0.0,385.0,False,2
3744,0,515,0.0,385.0,False,2
3748,0,515,0.0,385.0,False,2
3752,0,515,-1.0,384.0,False,2
3756,0,515,0.0,384.0,False,2
3760,0,515,0.0,384.0,False,2
3764,0,515,0.0,384.0,False,2
3768,0,515,0.0,384.0,False,2
3772,0,515,-1.0,383.0,False,2
3776,0,515,0.0,383.0,False,2
3780,0,515,0.0,383.0,False,2
3784,0,515,0.0,383.0,False,2
3788,0,515,0.0,383.0,False,2
3792,0,515,-1.0,382.0,False,2
3796,0,515,0.0,382.0,False,2
3800,0,515,0.0,382.0,False,2
3804,0,515,0.0,382.0,False,2
3808,0,515,0.0,382.0,False,2
3812,0,515,-1.0,381.0,False,2
3816,0,515,0.0,381.0,False,2
3820,0,515,0.0,381.0,False,2
3824,0,515,0.0,381.0,False,2
3828,0,515,0.0,381.0,False,2
3832,0,515,-1.0,380.0,False,2
3836,0,515,0.0,380.0,False,2
3840,0,515,0.0,380.0,False,2
3844,0,515,0.0,380.0,False,2
3848,0,515,0.0,380.0,False,2
3852,0,515,-1.0,379.0,False,2
3856,0,515,0.0,379.0,False,2
3860,0,515,0.0,379.0,False,2
3864,0,515,0.0,379.0,False,2
3868,0,515,0.0,379.0,False,2
3872,0,515,-1.0,378.0,False,2
3876,0,515,0.0,378.0,False,2
3880,0,515,0.0,378.0,False,2
3884,0,515,0.0,378.0,False,2
3888,0,515,0.0,378.0,False,2
3892,0,515,-1.0,377.0,False,2
3896,0,515,0.0,377.0,False,2
3900,0,515,0.0,377.0,False,2
3904,0,515,0.0,377.0,False,2
3908,0,515,0.0,377.0,False,2
3912,0,515,-1.0,376.0,False,2
3916,0,515,0.0,376.0,False,2
3920,0,515,0.0,376.0,False,2
3924,0,515,0.0,376.0,False,2
3928,0,515,0.0,376.0,False,2
3932,0,515,-1.0,375.0,False,2
3936,0,515,0.0,375.0,False,2
3940,0,515,0.0,375.0,False,2
3944,0,515,0.0,375.0,False,2
3948,0,515,0.0,375.0,False,2
3952,0,515,-1.0,374.0,False,2
3956,0,515,0.0,374.0,False,2
3960,0,515,0.0,374.0,False,2
3964,0,515,0.0,374.0,False,2
3968,0,515,0.0,374.0,False,2
3972,0,515,-1.0,373.0,False,2
3976,0,515,0.0,373.0,False,2
3980,0,519,0.0,373.0,False,2
3984,0,525,0.0,373.0,False,2
3988,0,532,0.0,373.0,False,2
3992,0,539,-1.0,372.0,False,2
3996,0,546,0.0,372.0,False,2
4000,0,553,0.0,372.0,False,2
4004,0,560,0.0,372.0,False,2
4008,0,567,0.0,372.0,False,2
4012,0,574,-1.0,371.0,False,2
4016,0,581,0.0,371.0,False,2
4020,0,588,0.0,371.0,False,2
4024,0,595,0.0,371.0,False,2
4028,0,602,1.0,372.0,False,2
4032,0,609,6.0,378.0,False,2
4036,0,616,7.0,385.0,False,2
4040,0,620,4.0,389.0,False,2
4044,0,623,3.0,392.0,False,2
4048,0,624,1.0,393.0,False,2
4052,0,624,-1.0,392.0,False,2
4056,0,624,0.0,392.0,False,2
4060,0,627,3.0,395.0,False,2
4064,0,631,4.0,399.0,False,2
4068,0,637,6.0,405.0,False,2
4072,0,644,6.0,411.0,False,2
4076,0,651,7.0,418.0,False,2
4080,0,658,7.0,425.0,False,2
4084,0,665,7.0,432.0,False,2
4088,0,673,8.0,440.0,False,2
4092,0,684,10.0,450.0,False,2
4096,0,695,11.0,461.0,False,2
4100,0,707,12.0,473.0,False,2
4104,0,718,11.0,484.0,False,2
4108,0,722,4.0,488.0,False,2
4112,0,722,-1.0,487.0,False,2
4116,0,722,0.0,487.0,False,2
4120,0,722,0.0,487.0,False,2
4124,0,722,1.0,488.0,False,2
4128,0,722,0.0,488.0,False,2
4132,0,722,-1.0,487.0,False,2
4136,0,722,0.0,487.0,False,2
4140,0,722,0.0,487.0,False,2
4144,0,722,0.0,487.0,False,2
4148,0,722,0.0,487.0,False,2
4152,0,722,-1.0,486.0,False,2
4156,0,722,0.0,486.0,False,2
4160,0,722,0.0,486.0,False,2
4164,0,722,0.0,486.0,False,2
4168,0,722,0.0,486.0,False,2
4172,0,722,-1.0,485.0,False,2
4176,0,722,0.0,485.0,False,2
4180,0,722,0.0,485.0,False,2
4184,0,722,0.0,485.0,False,2
4188,0,722,0.0,485.0,False,2
4192,0,722,-1.0,484.0,False,2
4196,0,722,0.0,484.0,False,2
4200,0,722,0.0,484.0,False,2
4204,0,722,0.0,484.0,False,2
4208,0,722,0.0,484.0,False,2
4212,0,722,-1.0,483.0,False,2
4216,0,722,0.0,483.0,False,2
4220,0,722,0.0,483.0,False,2
4224,0,722,0.0,483.0,False,2
4228,0,722,0.0,483.0,False,2
4232,0,722,-1.0,482.0,False,2
4236,0,722,0.0,482.0,False,2
4240,0,722,0.0,482.0,False,2
4244,0,722,0.0,482.0,False,2
4248,0,722,0.0,482.0,False,2
4252,0,722,-1.0,481.0,False,2
4256,0,722,0.0,481.0,False,2
4260,0,722,0.0,481.0,False,2
4264,0,722,0.0,481.0,False,2
4268,0,722,0.0,481.0,False,2
4272,0,722,-1.0,480.0,False,2
4276,0,722,0.0,480.0,False,2
4280,0,722,0.0,480.0,False,2
4284,0,722,0.0,480.0,False,2
4288,0,722,0.0,480.0,False,2
4292,0,722,-1.0,479.0,False,2
4296,0,722,0.0,479.0,False,2
4300,0,722,0.0,479.0,False,2
4304,0,722,0.0,479.0,False,2
4308,0,722,0.0,479.0,False,2
4312,0,722,-1.0,478.0,False,2
4316,0,722,0.0,478.0,False,2
4320,0,722,0.0,478.0,False,2
4324,0,722,0.0,478.0,False,2
4328,0,722,0.0,478.0,False,2
4332,0,722,-1.0,477.0,False,2
4336,0,722,0.0,477.0,False,2
4340,0,721,0.0,477.0,False,2
4344,0,721,0.0,477.0,False,2
4348,0,721,0.0,477.0,False,2
4352,0,721,-1.0,476.0,False,2
4356,0,720,0.0,476.0,False,2
4360,0,720,0.0,476.0,False,2
4364,0,720,0.0,476.0,False,2
4368,0,720,0.0,476.0,False,2
4372,0,719,-1.0,475.0,False,2
4376,0,719,0.0,475.0,False,2
4380,0,719,0.0,475.0,False,2
4384,0,720,0.0,475.0,False,2
4388,0,722,0.0,475.0,False,2
4392,0,722,-1.0,474.0,False,2
4396,0,722,0.0,474.0,False,2
4400,0,722,0.0,474.0,False,2
4404,0,722,0.0,474.0,False,2
4408,0,722,0.0,474.0,False,2
4412,0,722,-1.0,473.0,False,2
4416,0,722,0.0,473.0,False,2
4420,0,722,0.0,473.0,False,2
4424,0,722,0.0,473.0,False,2
4428,0,722,0.0,473.0,False,2
4432,0,722,-1.0,472.0,False,2
4436,0,722,0.0,472.0,False,2
4440,0,722,0.0,472.0,False,2
4444,0,722,0.0,472.0,False,2
4448,0,722,0.0,472.0,False,2
4452,0,722,-1.0,471.0,False,2
4456,0,722,0.0,471.0,False,2
4460,0,722,0.0,471.0,False,2
4464,0,722,0.0,471.0,False,2
4468,0,722,0.0,471.0,False,2
4472,0,722,-1.0,470.0,False,2
4476,0,722,0.0,470.0,False,2
4480,0,722,0.0,470.0,False,2
4484,0,722,0.0,470.0,False,2
4488,0,722,0.0,470.0,False,2
4492,0,722,-1.0,469.0,False,2
4496,0,722,0.0,469.0,False,2
4500,0,722,0.0,469.0,False,2
4504,0,722,0.0,469.0,False,2
4508,0,722,0.0,469.0,False,2
4512,0,722,-1.0,468.0,False,2
4516,0,722,0.0,468.0,False,2
4520,0,722,0.0,468.0,False,2
4524,0,722,0.0,468.0,False,2
4528,0,722,0.0,468.0,False,2
4532,0,722,-1.0,467.0,False,2
4536,0,722,0.0,467.0,False,2
4540,0,722,0.0,467.0,False,2
4544,0,722,0.0,467.0,False,2
4548,0,722,0.0,467.0,False,2
4552,0,721,-1.0,466.0,False,2
4556,0,721,0.0,466.0,False,2
4560,0,721,0.0,466.0,False,2
4564,0,721,0.0,466.0,False,2
4568,0,721,0.0,466.0,False,2
4572,0,721,-1.0,465.0,False,2
4576,0,721,0.0,465.0,False,2
4580,0,721,0.0,465.0,False,2
4584,0,721,0.0,465.0,False,2
4588,0,721,0.0,465.0,False,2
4592,0,721,-1.0,464.0,False,2
4596,0,721,0.0,464.0,False,2
4600,0,721,0.0,464.0,False,2
4604,0,721,0.0,464.0,False,2
4608,0,721,0.0,464.0,False,2
4612,0,721,-1.0,463.0,False,2
4616,0,721,0.0,463.0,False,2
4620,0,721,0.0,463.0,False,2
4624,0,721,0.0,463.0,False,2
4628,0,721,0.0,463.0,False,2
4632,0,721,-1.0,462.0,False,2
4636,0,722,0.0,462.0,False,2
4640,0,722,0.0,462.0,False,2
4644,0,722,0.0,462.0,False,2
4648,0,722,0.0,462.0,False,2
4652,0,722,-1.0,461.0,False,2
4656,0,722,0.0,461.0,False,2
4660,0,722,0.0,461.0,False,2
4664,0,722,0.0,461.0,False,2
4668,0,722,0.0,461.0,False,2
4672,0,722,-1.0,460.0,False,2
4676,0,722,0.0,460.0,False,2
4680,0,722,0.0,460.0,False,2
4684,0,721,0.0,460.0,False,2
4688,0,721,0.0,460.0,False,2
4692,0,721,-1.0,459.0,False,2
4696,0,721,0.0,459.0,False,2
4700,0,720,0.0,459.0,False,2
4704,0,720,0.0,459.0,False,2
4708,0,720,0.0,459.0,False,2
4712,0,720,-1.0,458.0,False,2
4716,0,719,0.0,458.0,False,2
4720,0,719,0.0,458.0,False,2
4724,0,719,0.0,458.0,False,2
4728,0,719,0.0,458.0,False,2
4732,0,719,-1.0,457.0,False,2
4736,0,719,0.0,457.0,False,2
4740,0,719,0.0,457.0,False,2
4744,0,719,0.0,457.0,False,2
4748,0,719,0.0,457.0,False,2
4752,0,719,-1.0,456.0,False,2
4756,0,719,0.0,456.0,False,2
4760,0,719,0.0,456.0,False,2
4764,0,719,0.0,456.0,False,2
4768,0,719,0.0,456.0,False,2
4772,0,719,-1.0,455.0,False,2
4776,0,719,0.0,455.0,False,2
4780,0,720,0.0,455.0,False,2
4784,0,722,0.0,455.0,False,2
4788,0,722,0.0,455.0,False,2
4792,0,722,-1.0,454.0,False,2
4796,0,722,0.0,454.0,False,2
4800,0,722,0.0,454.0,False,2
4804,0,722,0.0,454.0,False,2
4808,0,722,0.0,454.0,False,2
4812,0,722,-1.0,453.0,False,2
4816,0,722,0.0,453.0,False,2
4820,0,722,0.0,453.0,False,2
4824,0,722,0.0,453.0,False,2
4828,0,722,0.0,453.0,False,2
4832,0,721,-1.0,452.0,False,2
4836,0,721,0.0,452.0,False,2
4840,0,721,0.0,452.0,False,2
4844,0,721,0.0,452.0,False,2
4848,0,721,0.0,452.0,False,2
4852,0,721,-1.0,451.0,False,2
4856,0,721,0.0,451.0,False,2
4860,0,721,0.0,451.0,False,2
4864,0,721,0.0,451.0,False,2
4868,0,721,0.0,451.0,False,2
4872,0,721,-1.0,450.0,False,2
4876,0,721,0.0,450.0,False,2
4880,0,722,0.0,450.0,False,2
4884,0,722,0.0,450.0,False,2
4888,0,722,0.0,450.0,False,2
4892,0,722,-1.0,449.0,False,2
4896,0,722,0.0,449.0,False,2
4900,0,722,0.0,449.0,False,2
4904,0,722,0.0,449.0,False,2
4908,0,722,0.0,449.0,False,2
4912,0,722,-1.0,448.0,False,2
4916,0,722,0.0,448.0,False,2
4920,0,722,0.0,448.0,False,2
4924,0,722,0.0,448.0,False,2
4928,0,722,0.0,448.0,False,2
4932,0,722,-1.0,447.0,False,2
4936,0,722,0.0,447.0,False,2
4940,0,722,0.0,447.0,False,2
4944,0,722,0.0,447.0,False,2
4948,0,722,0.0,447.0,False,2
4952,0,722,-1.0,446.0,False,2
4956,0,722,0.0,446.0,False,2
4960,0,722,0.0,446.0,False,2
4964,0,722,0.0,446.0,False,2
4968,0,722,0.0,446.0,False,2
4972,0,722,-1.0,445.0,False,2
4976,0,722,0.0,445.0,False,2
4980,0,722,0.0,445.0,False,2
4984,0,722,0.0,445.0,False,2
4988,0,722,0.0,445.0,False,2
4992,0,722,-1.0,444.0,False,2
4996,0,722,0.0,444.0,False,2
5000,0,722,0.0,444.0,False,2
5004,0,722,0.0,444.0,False,2
5008,0,722,0.0,444.0,False,2
5012,0,722,-1.0,443.0,False,2
5016,0,722,0.0,443.0,False,2
5020,0,722,0.0,443.0,False,2
5024,0,722,0.0,443.0,False,2
5028,0,722,0.0,443.0,False,2
5032,0,722,-1.0,442.0,False,2
5036,0,722,0.0,442.0,False,2
5040,0,722,0.0,442.0,False,2
5044,0,722,0.0,442.0,False,2
5048,0,722,0.0,442.0,False,2
5052,0,722,-1.0,441.0,False,2
5056,0,722,0.0,441.0,False,2
5060,0,722,0.0,441.0,False,2
5064,0,722,0.0,441.0,False,2
5068,0,722,0.0,441.0,False,2
5072,0,722,-1.0,440.0,False,2
5076,0,722,0.0,440.0,False,2
5080,0,722,0.0,440.0,False,2
5084,0,721,0.0,440.0,False,2
5088,0,721,0.0,440.0,False,2
5092,0,721,-1.0,439.0,False,2
5096,0,721,0.0,439.0,False,2
5100,0,721,0.0,439.0,False,2
5104,0,721,0.0,439.0,False,2
5108,0,721,0.0,439.0,False,2
5112,0,721,-1.0,438.0,False,2
5116,0,721,0.0,438.0,False,2
5120,0,721,0.0,438.0,False,2
5124,0,721,0.0,438.0,False,2
5128,0,721,0.0,438.0,False,2
5132,0,721,-1.0,437.0,False,2
5136,0,721,0.0,437.0,False,2
5140,0,722,0.0,437.0,False,2
5144,0,722,0.0,437.0,False,2
5148,0,722,0.0,437.0,False,2
5152,0,722,-1.0,436.0,False,2
5156,0,722,0.0,436.0,False,2
5160,0,722,0.0,436.0,False,2
5164,0,722,0.0,436.0,False,2
5168,0,722,0.0,436.0,False,2
5172,0,722,-1.0,435.0,False,2
5176,0,722,0.0,435.0,False,2
5180,0,722,0.0,435.0,False,2
5184,0,722,0.0,435.0,False,2
5188,0,722,0.0,435.0,False,2
5192,0,722,-1.0,434.0,False,2
5196,0,722,0.0,434.0,False,2
5200,0,722,0.0,434.0,False,2
5204,0,722,0.0,434.0,False,2
5208,0,722,0.0,434.0,False,2
5212,0,722,-1.0,433.0,False,2
5216,0,722,0.0,433.0,False,2
5220,0,722,0.0,433.0,False,2
5224,0,722,0.0,433.0,False,2
5228,0,722,0.0,433.0,False,2
5232,0,722,-1.0,432.0,False,2
5236,0,722,0.0,432.0,False,2
5240,0,722,0.0,432.0,False,2
5244,0,722,0.0,432.0,False,2
5248,0,722,0.0,432.0,False,2
5252,0,722,-1.0,431.0,False,2
5256,0,722,0.0,431.0,False,2
5260,0,722,0.0,431.0,False,2
5264,0,722,0.0,431.0,False,2
5268,0,722,0.0,431.0,False,2
5272,0,722,-1.0,430.0,False,2
5276,0,722,0.0,430.0,False,2
5280,0,722,0.0,430.0,False,2
5284,0,722,0.0,430.0,False,2
5288,0,722,0.0,430.0,False,2
5292,0,722,-1.0,429.0,False,2
5296,0,722,0.0,429.0,False,2
5300,0,722,0.0,429.0,False,2
5304,0,722,0.0,429.0,False,2
5308,0,722,0.0,429.0,False,2
5312,0,722,-1.0,428.0,False,2
5316,0,722,0.0,428.0,False,2
5320,0,722,0.0,428.0,False,2
5324,0,722,0.0,428.0,False,2
5328,0,722,0.0,428.0,False,2
5332,0,722,-1.0,427.0,False,2
5336,0,722,0.0,427.0,False,2
5340,0,722,0.0,427.0,False,2
5344,0,722,0.0,427.0,False,2
5348,0,722,0.0,427.0,False,2
5352,0,722,-1.0,426.0,False,2
5356,0,722,0.0,426.0,False,2
5360,0,722,0.0,426.0,False,2
5364,0,722,0.0,426.0,False,2
5368,0,722,0.0,426.0,False,2
5372,0,722,-1.0,425.0,False,2
5376,0,722,0.0,425.0,False,2
5380,0,722,0.0,425.0,False,2
5384,0,722,0.0,425.0,False,2
5388,0,722,0.0,425.0,False,2
5392,0,722,-1.0,424.0,False,2
5396,0,722,0.0,424.0,False,2
5400,0,722,0.0,424.0,False,2
5404,0,722,0.0,424.0,False,2
5408,0,722,0.0,424.0,False,2
5412,0,722,-1.0,423.0,False,2
5416,0,722,0.0,423.0,False,2
5420,0,722,0.0,423.0,False,2
5424,0,722,0.0,423.0,False,2
5428,0,722,0.0,423.0,False,2
5432,0,722,-1.0,422.0,False,2
5436,0,722,0.0,422.0,False,2
5440,0,722,0.0,422.0,False,2
5444,0,722,0.0,422.0,False,2
5448,0,722,0.0,422.0,False,2
5452,0,722,-1.0,421.0,False,2
5456,0,722,0.0,421.0,False,2
5460,0,722,0.0,421.0,False,2
5464,0,722,0.0,421.0,False,2
5468,0,722,0.0,421.0,False,2
5472,0,722,-1.0,420.0,False,2
5476,0,722,0.0,420.0,False,2
5480,0,722,0.0,420.0,False,2
5484,0,722,0.0,420.0,False,2
5488,0,722,0.0,420.0,False,2
5492,0,722,-1.0,419.0,False,2
5496,0,722,0.0,419.0,False,2
5500,0,722,0.0,419.0,False,2
5504,0,722,0.0,419.0,False,2
5508,0,722,0.0,419.0,False,2
5512,0,722,-1.0,418.0,False,2
5516,0,722,0.0,418.0,False,2
5520,0,722,0.0,418.0,False,2
5524,0,722,0.0,418.0,False,2
5528,0,722,0.0,418.0,False,2
5532,0,722,-1.0,417.0,False,2
5536,0,722,0.0,417.0,False,2
5540,0,722,0.0,417.0,False,2
5544,0,722,0.0,417.0,False,2
5548,0,722,0.0,417.0,False,2
5552,0,722,-1.0,416.0,False,2
5556,0,722,0.0,416.0,False,2
5560,0,722,0.0,416.0,False,2
5564,0,722,0.0,416.0,False,2
5568,0,722,0.0,416.0,False,2
5572,0,722,-1.0,415.0,False,2
5576,0,722,0.0,415.0,False,2
5580,0,722,0.0,415.0,False,2
5584,0,722,0.0,415.0,False,2
5588,0,722,0.0,415.0,False,2
5592,0,722,-1.0,414.0,False,2
5596,0,722,0.0,414.0,False,2
5600,0,722,0.0,414.0,False,2
5604,0,722,0.0,414.0,False,2
5608,0,722,0.0,414.0,False,2
5612,0,722,-1.0,413.0,False,2
5616,0,722,0.0,413.0,False,2
5620,0,722,0.0,413.0,False,2
5624,0,722,0.0,413.0,False,2
5628,0,722,0.0,413.0,False,2
5632,0,722,-1.0,412.0,False,2
5636,0,722,0.0,412.0,False,2
5640,0,722,0.0,412.0,False,2
5644,0,722,0.0,412.0,False,2
5648,0,722,0.0,412.0,False,2
5652,0,722,-1.0,411.0,False,2
5656,0,722,0.0,411.0,False,2
5660,0,722,0.0,411.0,False,2
5664,0,722,0.0,411.0,False,2
5668,0,722,0.0,411.0,False,2
5672,0,722,-1.0,410.0,False,2
5676,0,722,0.0,410.0,False,2
5680,0,722,0.0,410.0,False,2
5684,0,722,0.0,410.0,False,2
5688,0,722,0.0,410.0,False,2
5692,0,722,-1.0,409.0,False,2
5696,0,722,0.0,409.0,False,2
5700,0,722,0.0,409.0,False,2
5704,0,722,0.0,409.0,False,2
5708,0,722,0.0,409.0,False,2
5712,0,722,-1.0,408.0,False,2
5716,0,722,0.0,408.0,False,2
5720,0,722,0.0,408.0,False,2
5724,0,722,0.0,408.0,False,2
5728,0,722,0.0,408.0,False,2
5732,0,722,-1.0,407.0,False,2
5736,0,722,0.0,407.0,False,2
5740,0,722,0.0,407.0,False,2
5744,0,722,0.0,407.0,False,2
5748,0,722,0.0,407.0,False,2
5752,0,722,-1.0,406.0,False,2
5756,0,722,0.0,406.0,False,2
5760,0,722,0.0,406.0,False,2
5764,0,722,0.0,406.0,False,2
5768,0,722,0.0,406.0,False,2
5772,0,722,-1.0,405.0,False,2
5776,0,722,0.0,405.0,False,2
5780,0,722,0.0,405.0,False,2
5784,0,722,0.0,405.0,False,2
5788,0,722,0.0,405.0,False,2
5792,0,722,-1.0,404.0,False,2
5796,0,722,0.0,404.0,False,2
5800,0,722,0.0,404.0,False,2
5804,0,722,0.0,404.0,False,2
5808,0,722,0.0,404.0,False,2
5812,0,722,-1.0,403.0,False,2
5816,0,722,0.0,403.0,False,2
5820,0,722,0.0,403.0,False,2
5824,0,722,0.0,403.0,False,2
5828,0,722,0.0,403.0,False,2
5832,0,722,-1.0,402.0,False,2
5836,0,722,0.0,402.0,False,2
5840,0,722,0.0,402.0,False,2
5844,0,722,0.0,402.0,False,2
5848,0,722,0.0,402.0,False,2
5852,0,722,-1.0,401.0,False,2
5856,0,722,0.0,401.0,False,2
5860,0,722,0.0,401.0,False,2
5864,0,722,0.0,401.0,False,2
5868,0,722,0.0,401.0,False,2
5872,0,722,-1.0,400.0,False,2
5876,0,722,0.0,400.0,False,2
5880,0,722,0.0,400.0,False,2
5884,0,722,0.0,400.0,False,2
5888,0,722,0.0,400.0,False,2
5892,0,722,-1.0,399.0,False,2
5896,0,722,0.0,399.0,False,2
5900,0,722,0.0,399.0,False,2
5904,0,722,0.0,399.0,False,2
5908,0,722,0.0,399.0,False,2
5912,0,722,-1.0,398.0,False,2
5916,0,722,0.0,398.0,False,2
5920,0,722,0.0,398.0,False,2
5924,0,722,0.0,398.0,False,2
5928,0,722,0.0,398.0,False,2
5932,0,722,-1.0,397.0,False,2
5936,0,722,0.0,397.0,False,2
5940,0,722,0.0,397.0,False,2
5944,0,722,0.0,397.0,False,2
5948,0,722,0.0,397.0,False,2
5952,0,722,-1.0,396.0,False,2
5956,0,722,0.0,396.0,False,2
5960,0,722,0.0,396.0,False,2
5964,0,722,0.0,396.0,False,2
5968,0,722,0.0,396.0,False,2
5972,0,722,-1.0,395.0,False,2
5976,0,722,0.0,395.0,False,2
5980,0,722,0.0,395.0,False,2
5984,0,722,0.0,395.0,False,2
5988,0,722,0.0,395.0,False,2
5992,0,722,-1.0,394.0,False,2
5996,0,722,0.0,394.0,False,2
6000,0,722,0.0,394.0,False,2
6004,0,722,0.0,394.0,False,2
6008,0,722,0.0,394.0,False,2
6012,0,722,-1.0,393.0,False,2
6016,0,722,0.0,393.0,False,2
6020,0,722,0.0,393.0,False,2
6024,0,722,0.0,393.0,False,2
6028,0,722,0.0,393.0,False,2
6032,0,722,-1.0,392.0,False,2
6036,0,722,0.0,392.0,False,2
6040,0,722,0.0,392.0,False,2
6044,0,722,0.0,392.0,False,2
6048,0,722,0.0,392.0,False,2
6052,0,722,-1.0,391.0,False,2
6056,0,722,0.0,391.0,False,2
6060,0,722,0.0,391.0,False,2
6064,0,722,0.0,391.0,False,2
6068,0,722,0.0,391.0,False,2
6072,0,722,-1.0,390.0,False,2
6076,0,722,0.0,390.0,False,2
6080,0,722,0.0,390.0,False,2
6084,0,722,0.0,390.0,False,2
6088,0,722,0.0,390.0,False,2
6092,0,722,-1.0,389.0,False,2
6096,0,722,0.0,389.0,False,2
6100,0,722,0.0,389.0,False,2
6104,0,722,0.0,389.0,False,2
6108,0,722,0.0,389.0,False,2
6112,0,722,-1.0,388.0,False,2
6116,0,722,0.0,388.0,False,2
6120,0,722,0.0,388.0,False,2
6124,0,722,0.0,388.0,False,2
6128,0,722,0.0,388.0,False,2
6132,0,722,-1.0,387.0,False,2
6136,0,722,0.0,387.0,False,2
6140,0,722,0.0,387.0,False,2
6144,0,722,0.0,387.0,False,2
6148,0,722,0.0,387.0,False,2
6152,0,722,-1.0,386.0,False,2
6156,0,722,0.0,386.0,False,2
6160,0,722,0.0,386.0,False,2
6164,0,722,0.0,386.0,False,2
6168,0,722,0.0,386.0,False,2
6172,0,722,-1.0,385.0,False,2
6176,0,722,0.0,385.0,False,2
6180,0,722,0.0,385.0,False,2
6184,0,722,0.0,385.0,False,2
6188,0,722,0.0,385.0,False,2
6192,0,722,-1.0,384.0,False,2
6196,0,722,0.0,384.0,False,2
6200,0,722,0.0,384.0,False,2
6204,0,722,0.0,384.0,False,2
6208,0,722,0.0,384.0,False,2
6212,0,722,-1.0,383.0,False,2
6216,0,722,0.0,383.0,False,2
6220,0,722,0.0,383.0,False,2
6224,0,722,0.0,383.0,False,2
6228,0,722,0.0,383.0,False,2
6232,0,722,-1.0,382.0,False,2
6236,0,722,0.0,382.0,False,2
6240,0,722,0.0,382.0,False,2
6244,0,722,0.0,382.0,False,2
6248,0,722,0.0,382.0,False,2
6252,0,722,-1.0,381.0,False,2
6256,0,722,0.0,381.0,False,2
6260,0,722,0.0,381.0,False,2
6264,0,722,0.0,381.0,False,2
6268,0,722,0.0,381.0,False,2
6272,0,722,-1.0,380.0,False,2
6276,0,722,0.0,380.0,False,2
6280,0,722,0.0,380.0,False,2
6284,0,722,0.0,380.0,False,2
6288,0,722,0.0,380.0,False,2
6292,0,722,-1.0,379.0,False,2
6296,0,722,0.0,379.0,False,2
6300,0,722,0.0,379.0,False,2
6304,0,722,0.0,379.0,False,2
6308,0,722,0.0,379.0,False,2
6312,0,722,-1.0,378.0,False,2
6316,0,722,0.0,378.0,False,2
6320,0,722,0.0,378.0,False,2
6324,0,722,0.0,378.0,False,2
6328,0,722,0.0,378.0,False,2
6332,0,722,-1.0,377.0,False,2
6336,0,722,0.0,377.0,False,2
6340,0,722,0.0,377.0,False,2
6344,0,722,0.0,377.0,False,2
6348,0,722,0.0,377.0,False,2
6352,0,722,-1.0,376.0,False,2
6356,0,722,0.0,376.0,False,2
6360,0,722,0.0,376.0,False,2
6364,0,722,0.0,376.0,False,2
6368,0,722,0.0,376.0,False,2
6372,0,722,-1.0,375.0,False,2
6376,0,722,0.0,375.0,False,2
6380,0,722,0.0,375.0,False,2
6384,0,722,0.0,375.0,False,2
6388,0,722,0.0,375.0,False,2
6392,0,722,-1.0,374.0,False,2
6396,0,722,0.0,374.0,False,2
6400,0,722,0.0,374.0,False,2
6404,0,722,0.0,374.0,False,2
6408,0,722,0.0,374.0,False,2
6412,0,722,-1.0,373.0,False,2
6416,0,722,0.0,373.0,False,2
6420,0,722,0.0,373.0,False,2
6424,0,722,0.0,373.0,False,2
6428,0,722,0.0,373.0,False,2
6432,0,722,-1.0,372.0,False,2
6436,0,722,0.0,372.0,False,2
6440,0,722,0.0,372.0,False,2
6444,0,722,0.0,372.0,False,2
6448,0,722,0.0,372.0,False,2
6452,0,722,-1.0,371.0,False,2
6456,0,722,0.0,371.0,False,2
6460,0,722,0.0,371.0,False,2
6464,0,722,0.0,371.0,False,2
6468,0,722,0.0,371.0,False,2
6472,0,722,-1.0,370.0,False,2
6476,0,722,0.0,370.0,False,2
6480,0,722,0.0,370.0,False,2
6484,0,722,0.0,370.0,False,2
6488,0,722,0.0,370.0,False,2
6492,0,722,-1.0,369.0,False,2
6496,0,722,0.0,369.0,False,2
6500,0,722,0.0,369.0,False,2
6504,0,722,0.0,369.0,False,2
6508,0,722,0.0,369.0,False,2
6512,0,722,-1.0,368.0,False,2
6516,0,722,0.0,368.0,False,2
6520,0,722,0.0,368.0,False,2
6524,0,722,0.0,368.0,False,2
6528,0,722,0.0,368.0,False,2
6532,0,722,-1.0,367.0,False,2
6536,0,722,0.0,367.0,False,2
6540,0,722,0.0,367.0,False,2
6544,0,722,0.0,367.0,False,2
6548,0,722,0.0,367.0,False,2
6552,0,722,-1.0,366.0,False,2
6556,0,722,0.0,366.0,False,2
6560,0,722,0.0,366.0,False,2
6564,0,722,0.0,366.0,False,2
6568,0,722,0.0,366.0,False,2
6572,0,722,-1.0,365.0,False,2
6576,0,722,0.0,365.0,False,2
6580,0,722,0.0,365.0,False,2
6584,0,722,0.0,365.0,False,2
6588,0,722,0.0,365.0,False,2
6592,0,722,-1.0,364.0,False,2
6596,0,722,0.0,364.0,False,2
6600,0,722,0.0,364.0,False,2
6604,0,722,0.0,364.0,False,2
6608,0,722,0.0,364.0,False,2
6612,0,722,-1.0,363.0,False,2
6616,0,722,0.0,363.0,False,2
6620,0,722,0.0,363.0,False,2
6624,0,722,0.0,363.0,False,2
6628,0,722,0.0,363.0,False,2
6632,0,722,-1.0,362.0,False,2
6636,0,722,0.0,362.0,False,2
6640,0,722,0.0,362.0,False,2
6644,0,722,0.0,362.0,False,2
6648,0,722,0.0,362.0,False,2
6652,0,722,-1.0,361.0,False,2
6656,0,722,0.0,361.0,False,2
6660,0,722,0.0,361.0,False,2
6664,0,722,0.0,361.0,False,2
6668,0,722,0.0,361.0,False,2
6672,0,722,-1.0,360.0,False,2
6676,0,722,0.0,360.0,False,2
6680,0,722,0.0,360.0,False,2
6684,0,722,0.0,360.0,False,2
6688,0,722,0.0,360.0,False,2
6692,0,722,-1.0,359.0,False,2
6696,0,722,0.0,359.0,False,2
6700,0,722,0.0,359.0,False,2
6704,0,722,0.0,359.0,False,2
6708,0,722,0.0,359.0,False,2
6712,0,722,-1.0,358.0,False,2
6716,0,722,0.0,358.0,False,2
6720,0,722,0.0,358.0,False,2
6724,0,722,0.0,358.0,False,2
6728,0,722,0.0,358.0,False,2
6732,0,722,-1.0,357.0,False,2
6736,0,722,0.0,357.0,False,2
6740,0,722,0.0,357.0,False,2
6744,0,721,0.0,357.0,False,2
6748,0,721,0.0,357.0,False,2
6752,0,722,-1.0,356.0,False,2
6756,0,722,0.0,356.0,False,2
6760,0,722,0.0,356.0,False,2
6764,0,722,0.0,356.0,False,2
6768,0,722,0.0,356.0,False,2
6772,0,722,-1.0,355.0,False,2
6776,0,722,0.0,355.0,False,2
6780,0,722,0.0,355.0,False,2
6784,0,722,0.0,355.0,False,2
6788,0,722,0.0,355.0,False,2
6792,0,722,-1.0,354.0,False,2
6796,0,722,0.0,354.0,False,2
6800,0,722,0.0,354.0,False,2
6804,0,722,0.0,354.0,False,2
6808,0,722,0.0,354.0,False,2
6812,0,722,-1.0,353.0,False,2
6816,0,722,0.0,353.0,False,2
6820,0,722,0.0,353.0,False,2
6824,0,722,0.0,353.0,False,2
6828,0,722,0.0,353.0,False,2
6832,0,722,-1.0,352.0,False,2
6836,0,722,0.0,352.0,False,2
6840,0,722,0.0,352.0,False,2
6844,0,722,0.0,352.0,False,2
6848,0,722,0.0,352.0,False,2
6852,0,722,-1.0,351.0,False,2
6856,0,722,0.0,351.0,False,2
6860,0,722,0.0,351.0,False,2
6864,0,722,0.0,351.0,False,2
6868,0,722,0.0,351.0,False,2
6872,0,722,-1.0,350.0,False,2
6876,0,722,0.0,350.0,False,2
6880,0,722,0.0,350.0,False,2
6884,0,722,0.0,350.0,False,2
6888,0,722,0.0,350.0,False,2
6892,0,722,-1.0,349.0,False,2
6896,0,722,0.0,349.0,False,2
6900,0,722,0.0,349.0,False,2
6904,0,722,0.0,349.0,False,2
6908,0,722,0.0,349.0,False,2
6912,0,722,-1.0,348.0,False,2
6916,0,722,0.0,348.0,False,2
6920,0,722,0.0,348.0,False,2
6924,0,722,0.0,348.0,False,2
6928,0,722,0.0,348.0,False,2
6932,0,722,-1.0,347.0,False,2
6936,0,722,0.0,347.0,False,2
6940,0,722,0.0,347.0,False,2
6944,0,722,0.0,347.0,False,2
6948,0,722,0.0,347.0,False,2
6952,0,722,-1.0,346.0,False,2
6956,0,722,0.0,346.0,False,2
6960,0,722,0.0,346.0,False,2
6964,0,722,0.0,346.0,False,2
6968,0,722,0.0,346.0,False,2
6972,0,722,-1.0,345.0,False,2
6976,0,722,0.0,345.0,False,2
6980,0,722,0.0,345.0,False,2
6984,0,722,0.0,345.0,False,2
6988,0,722,0.0,345.0,False,2
6992,0,722,-1.0,344.0,False,2
6996,0,722,0.0,344.0,False,2
7000,0,722,0.0,344.0,False,2
7004,0,722,0.0,344.0,False,2
7008,0,722,0.0,344.0,False,2
7012,0,722,-1.0,343.0,False,2
7016,0,722,0.0,343.0,False,2
7020,0,722,0.0,343.0,False,2
7024,0,722,0.0,343.0,False,2
7028,0,722,0.0,343.0,False,2
7032,0,722,-1.0,342.0,False,2
7036,0,722,0.0,342.0,False,2
7040,0,722,0.0,342.0,False,2
7044,0,722,0.0,342.0,False,2
7048,0,722,0.0,342.0,False,2
7052,0,722,-1.0,341.0,False,2
7056,0,722,0.0,341.0,False,2
7060,0,721,0.0,341.0,False,2
7064,0,721,0.0,341.0,False,2
7068,0,721,0.0,341.0,False,2
7072,0,721,-1.0,340.0,False,2
7076,0,720,0.0,340.0,False,2
7080,0,720,0.0,340.0,False,2
7084,0,720,0.0,340.0,False,2
7088,0,720,0.0,340.0,False,2
7092,0,719,-1.0,339.0,False,2
7096,0,719,0.0,339.0,False,2
7100,0,719,0.0,339.0,False,2
7104,0,719,0.0,339.0,False,2
7108,0,719,0.0,339.0,False,2
7112,0,719,-1.0,338.0,False,2
7116,0,719,0.0,338.0,False,2
7120,0,719,0.0,338.0,False,2
7124,0,719,0.0,338.0,False,2
7128,0,720,0.0,338.0,False,2
7132,0,720,-1.0,337.0,False,2
7136,0,720,0.0,337.0,False,2
7140,0,720,0.0,337.0,False,2
7144,0,720,0.0,337.0,False,2
7148,0,720,0.0,337.0,False,2
7152,0,720,-1.0,336.0,False,2
7156,0,720,0.0,336.0,False,2
7160,0,720,0.0,336.0,False,2
7164,0,720,0.0,336.0,False,2
7168,0,720,0.0,336.0,False,2
7172,0,720,-1.0,335.0,False,2
7176,0,720,0.0,335.0,False,2
7180,0,720,0.0,335.0,False,2
7184,0,720,0.0,335.0,False,2
7188,0,720,0.0,335.0,False,2
7192,0,720,-1.0,334.0,False,2
7196,0,720,0.0,334.0,False,2
7200,0,720,0.0,334.0,False,2
7204,0,720,0.0,334.0,False,2
7208,0,720,0.0,334.0,False,2
7212,0,720,-1.0,333.0,False,2
7216,0,720,0.0,333.0,False,2
7220,0,720,0.0,333.0,False,2
7224,0,720,0.0,333.0,False,2
7228,0,720,0.0,333.0,False,2
7232,0,720,-1.0,332.0,False,2
7236,0,720,0.0,332.0,False,2
7240,0,720,0.0,332.0,False,2
7244,0,722,0.0,332.0,False,2
7248,0,722,0.0,332.0,False,2
7252,0,722,-1.0,331.0,False,2
7256,0,722,0.0,331.0,False,2
7260,0,722,0.0,331.0,False,2
7264,0,722,0.0,331.0,False,2
7268,0,722,0.0,331.0,False,2
7272,0,722,-1.0,330.0,False,2
7276,0,722,0.0,330.0,False,2
7280,0,722,0.0,330.0,False,2
7284,0,722,0.0,330.0,False,2
7288,0,722,0.0,330.0,False,2
7292,0,722,-1.0,329.0,False,2
7296,0,722,0.0,329.0,False,2
7300,0,722,0.0,329.0,False,2
7304,0,722,0.0,329.0,False,2
7308,0,722,0.0,329.0,False,2
7312,0,722,-1.0,328.0,False,2
7316,0,722,0.0,328.0,False,2
7320,0,722,0.0,328.0,False,2
7324,0,722,0.0,328.0,False,2
7328,0,722,0.0,328.0,False,2
7332,0,722,-1.0,327.0,False,2
7336,0,722,0.0,327.0,False,2
7340,0,722,0.0,327.0,False,2
7344,0,722,0.0,327.0,False,2
7348,0,722,0.0,327.0,False,2
7352,0,722,-1.0,326.0,False,2
7356,0,722,0.0,326.0,False,2
7360,0,722,0.0,326.0,False,2
7364,0,722,0.0,326.0,False,2
7368,0,722,0.0,326.0,False,2
7372,0,722,-1.0,325.0,False,2
7376,0,722,0.0,325.0,False,2
7380,0,722,0.0,325.0,False,2
7384,0,722,0.0,325.0,False,2
7388,0,722,0.0,325.0,False,2
7392,0,722,-1.0,324.0,False,2
7396,0,721,0.0,324.0,False,2
7400,0,721,0.0,324.0,False,2
7404,0,720,0.0,324.0,False,2
7408,0,720,0.0,324.0,False,2
7412,0,719,-1.0,323.0,False,2
7416,0,719,0.0,323.0,False,2
7420,0,718,0.0,323.0,False,2
7424,0,718,0.0,323.0,False,2
7428,0,717,0.0,323.0,False,2
7432,0,717,-1.0,322.0,False,2
7436,0,717,0.0,322.0,False,2
7440,0,719,0.0,322.0,False,2
7444,0,722,0.0,322.0,False,2
7448,0,722,0.0,322.0,False,2
7452,0,722,-1.0,321.0,False,2
7456,0,722,0.0,321.0,False,2
7460,0,722,0.0,321.0,False,2
7464,0,722,0.0,321.0,False,2
7468,0,722,0.0,321.0,False,2
7472,0,722,-1.0,320.0,False,2
7476,0,722,0.0,320.0,False,2
7480,0,722,0.0,320.0,False,2
7484,0,722,0.0,320.0,False,2
7488,0,722,0.0,320.0,False,2
7492,0,722,-1.0,319.0,False,2
7496,0,722,0.0,319.0,False,2
7500,0,722,0.0,319.0,False,2
7504,0,722,0.0,319.0,False,2
7508,0,722,0.0,319.0,False,2
7512,0,722,-1.0,318.0,False,2
7516,0,722,0.0,318.0,False,2
7520,0,722,0.0,318.0,False,2
7524,0,722,0.0,318.0,False,2
7528,0,722,0.0,318.0,False,2
7532,0,722,-1.0,317.0,False,2
7536,0,722,0.0,317.0,False,2
7540,0,722,0.0,317.0,False,2
7544,0,722,0.0,317.0,False,2
7548,0,722,0.0,317.0,False,2
7552,0,722,-1.0,316.0,False,2
7556,0,722,0.0,316.0,False,2
7560,0,722,0.0,316.0,False,2
7564,0,722,0.0,316.0,False,2
7568,0,722,0.0,316.0,False,2
7572,0,722,-1.0,315.0,False,2
7576,0,722,0.0,315.0,False,2
7580,0,722,0.0,315.0,False,2
7584,0,722,0.0,315.0,False,2
7588,0,722,0.0,315.0,False,2
7592,0,722,-1.0,314.0,False,2
7596,0,722,0.0,314.0,False,2
7600,0,722,0.0,314.0,False,2
7604,0,722,0.0,314.0,False,2
7608,0,722,0.0,314.0,False,2
7612,0,722,-1.0,313.0,False,2
7616,0,722,0.0,313.0,False,2
7620,0,722,0.0,313.0,False,2
7624,0,722,0.0,313.0,False,2
7628,0,722,0.0,313.0,False,2
7632,0,722,-1.0,312.0,False,2
7636,0,722,0.0,312.0,False,2
7640,0,721,0.0,312.0,False,2
7644,0,718,0.0,312.0,False,2
7648,0,715,0.0,312.0,False,2
7652,0,711,-1.0,311.0,False,2
7656,0,705,0.0,311.0,False,2
7660,0,699,0.0,311.0,False,2
7664,0,693,0.0,311.0,False,2
7668,0,686,0.0,311.0,False,2
7672,0,679,-1.0,310.0,False,2
7676,0,672,0.0,310.0,False,2
7680,0,665,0.0,310.0,False,2
7684,0,658,0.0,310.0,False,2
7688,0,651,0.0,310.0,False,2
7692,0,644,-1.0,309.0,False,2
7696,0,643,0.0,309.0,False,2
7700,0,643,0.0,309.0,False,2
7704,0,643,0.0,309.0,False,2
7708,0,643,0.0,309.0,False,2
7712,0,643,-1.0,308.0,False,2
7716,0,643,0.0,308.0,False,2
7720,0,643,0.0,308.0,False,2
7724,0,643,0.0,308.0,False,2
7728,0,643,0.0,308.0,False,2
7732,0,643,-1.0,307.0,False,2
7736,0,643,0.0,307.0,False,2
7740,0,643,0.0,307.0,False,2
7744,0,643,0.0,307.0,False,2
7748,0,643,0.0,307.0,False,2
7752,0,643,-1.0,306.0,False,2
7756,0,643,0.0,306.0,False,2
7760,0,643,0.0,306.0,False,2
7764,0,643,0.0,306.0,False,2
7768,0,643,0.0,306.0,False,2
7772,0,643,-1.0,305.0,False,2
7776,0,643,0.0,305.0,False,2
7780,0,643,0.0,305.0,False,2
7784,0,643,0.0,305.0,False,2
7788,0,643,0.0,305.0,False,2
7792,0,643,-1.0,304.0,False,2
7796,0,643,0.0,304.0,False,2
7800,0,643,0.0,304.0,False,2
7804,0,643,0.0,304.0,False,2
7808,0,643,0.0,304.0,False,2
7812,0,643,-1.0,303.0,False,2
7816,0,643,0.0,303.0,False,2
7820,0,643,0.0,303.0,False,2
7824,0,643,0.0,303.0,False,2
7828,0,643,0.0,303.0,False,2
7832,0,643,-1.0,302.0,False,2
7836,0,643,0.0,302.0,False,2
7840,0,643,0.0,302.0,False,2
7844,0,643,0.0,302.0,False,2
7848,0,643,0.0,302.0,False,2
7852,0,643,-1.0,301.0,False,2
7856,0,643,0.0,301.0,False,2
7860,0,643,0.0,301.0,False,2
7864,0,643,0.0,301.0,False,2
7868,0,643,0.0,301.0,False,2
7872,0,643,-1.0,300.0,False,2
7876,0,643,0.0,300.0,False,2
7880,0,643,0.0,300.0,False,2
7884,0,643,0.0,300.0,False,2
7888,0,643,0.0,300.0,False,2
7892,0,643,-1.0,299.0,False,2
7896,0,643,0.0,299.0,False,2
7900,0,643,0.0,299.0,False,2
7904,0,643,0.0,299.0,False,2
7908,0,643,0.0,299.0,False,2
7912,0,643,-1.0,298.0,False,2
7916,0,643,0.0,298.0,False,2
7920,0,643,0.0,298.0,False,2
7924,0,643,0.0,298.0,False,2
7928,0,644,0.0,298.0,False,2
7932,0,646,-1.0,297.0,False,2
7936,0,650,0.0,297.0,False,2
7940,0,656,0.0,297.0,False,2
7944,0,663,0.0,297.0,False,2
7948,0,670,0.0,297.0,False,2
7952,0,677,-1.0,296.0,False,2
7956,0,684,0.0,296.0,False,2
7960,0,691,0.0,296.0,False,2
7964,0,698,0.0,296.0,False,2
7968,0,705,0.0,296.0,False,2
7972,0,712,-1.0,295.0,False,2
7976,0,719,0.0,295.0,False,2
7980,0,726,4.0,299.0,False,2
7984,0,731,5.0,304.0,False,2
7988,0,735,4.0,308.0,False,2
7992,0,736,0.0,308.0,False,2
7996,0,736,0.0,308.0,False,2
8000,0,736,0.0,308.0,False,2
8004,0,737,1.0,309.0,False,2
8008,0,738,1.0,310.0,False,2
8012,0,739,0.0,310.0,False,2
8016,0,740,1.0,311.0,False,2
8020,0,741,1.0,312.0,False,2
8024,0,741,0.0,312.0,False,2
8028,0,741,0.0,312.0,False,2
8032,0,741,-1.0,311.0,False,2
8036,0,741,0.0,311.0,False,2
8040,0,741,0.0,311.0,False,2
8044,0,741,0.0,311.0,False,2
8048,0,741,0.0,311.0,False,2
8052,0,741,-1.0,310.0,False,2
8056,0,741,0.0,310.0,False,2
8060,0,741,0.0,310.0,False,2
8064,0,741,0.0,310.0,False,2
8068,0,741,0.0,310.0,False,2
8072,0,741,-1.0,309.0,False,2
8076,0,741,0.0,309.0,False,2
8080,0,741,0.0,309.0,False,2
8084,0,741,0.0,309.0,False,2
8088,0,741,0.0,309.0,False,2
8092,0,741,-1.0,308.0,False,2
8096,0,741,0.0,308.0,False,2
8100,0,742,1.0,309.0,False,2
8104,0,745,3.0,312.0,False,2
8108,0,749,4.0,316.0,False,2
8112,0,756,6.0,322.0,False,2
8116,0,764,8.0,330.0,False,2
8120,0,773,9.0,339.0,False,2
8124,0,785,12.0,351.0,False,2
8128,0,797,12.0,363.0,False,2
8132,0,809,11.0,374.0,False,2
8136,0,821,12.0,386.0,False,2
8140,0,833,13.0,399.0,False,2
8144,0,845,12.0,411.0,False,2
8148,0,857,12.0,423.0,False,2
8152,0,868,10.0,433.0,False,2
8156,0,878,10.0,443.0,False,2
8160,0,886,8.0,451.0,False,2
8164,0,892,6.0,457.0,False,2
8168,0,897,5.0,462.0,False,2
8172,0,898,0.0,462.0,False,2
8176,0,898,0.0,462.0,False,2
8180,0,898,0.0,462.0,False,2
8184,0,898,0.0,462.0,False,2
8188,0,898,0.0,462.0,False,2
8192,0,898,-1.0,461.0,False,2
8196,0,898,0.0,461.0,False,2
8200,0,898,0.0,461.0,False,2
8204,0,898,0.0,461.0,False,2
8208,0,898,0.0,461.0,False,2
8212,0,898,0.0,461.0,False,2
8216,0,898,0.0,461.0,False,2
8220,0,898,0.0,461.0,False,2
8224,0,898,0.0,461.0,False,2
8228,0,898,0.0,461.0,False,2
8232,0,898,0.0,461.0,False,2
8236,0,898,0.0,461.0,False,2
8240,0,898,0.0,461.0,False,2
8244,0,898,0.0,461.0,False,2
8248,0,898,0.0,461.0,False,2
8252,0,898,0.0,461.0,False,2
8256,0,898,0.0,461.0,False,2
8260,0,898,0.0,461.0,False,2
8264,0,898,0.0,461.0,False,2
8268,0,898,0.0,461.0,False,2
8272,0,898,0.0,461.0,False,2
8276,0,898,0.0,461.0,False,2
8280,0,898,0.0,461.0,False,2
8284,0,898,0.0,461.0,False,2
8288,0,898,0.0,461.0,False,2
8292,0,898,0.0,461.0,False,2
8296,0,898,0.0,461.0,False,2
8300,0,898,0.0,461.0,False,2
8304,0,898,0.0,461.0,False,2
8308,0,898,0.0,461.0,False,2
8312,0,898,0.0,461.0,False,2
8316,0,898,0.0,461.0,False,2
8320,0,898,0.0,461.0,False,2
8324,0,898,0.0,461.0,False,2
8328,0,898,0.0,461.0,False,2
8332,0,898,0.0,461.0,False,2
8336,0,898,0.0,461.0,False,2
8340,0,898,0.0,461.0,False,2
8344,0,898,0.0,461.0,False,2
8348,0,898,0.0,461.0,False,2
8352,0,898,0.0,461.0,False,2
8356,0,898,0.0,461.0,False,2
8360,0,898,0.0,461.0,False,2
8364,0,898,0.0,461.0,False,2
8368,0,898,0.0,461.0,False,2
8372,0,898,0.0,461.0,False,2
8376,0,898,0.0,461.0,False,2
8380,0,898,0.0,461.0,False,2
8384,0,898,0.0,461.0,False,2
8388,0,898,0.0,461.0,False,2
8392,0,898,-100.0,361.0,False,1
8396,0,0,0.0,361.0,False,1
8400,0,0,0.0,361.0,False,1
8404,0,0,0.0,361.0,False,1
8408,0,0,0.0,361.0,False,1
8412,0,0,0.0,361.0,False,1
8416,0,0,0.0,361.0,False,1
8420,0,0,0.0,361.0,False,1
8424,0,0,0.0,361.0,False,1
8428,0,0,0.0,361.0,False,1
8432,0,0,0.0,361.0,False,1
8436,0,0,0.0,361.0,False,1
8440,0,0,0.0,361.0,False,1
8444,0,0,0.0,361.0,False,1
8448,0,0,0.0,361.0,False,1
8452,0,0,0.0,361.0,False,1
8456,0,0,0.0,361.0,False,1
8460,0,0,0.0,361.0,False,1
8464,0,0,0.0,361.0,False,1
8468,0,0,0.0,361.0,False,1
8472,0,0,0.0,361.0,False,1
8476,0,0,0.0,361.0,False,1
8480,0,0,0.0,361.0,False,1
8484,0,0,0.0,361.0,False,1
8488,0,0,0.0,361.0,False,1
8492,0,0,0.0,361.0,False,1
8496,0,0,0.0,361.0,False,1
8500,0,0,0.0,361.0,False,1
8504,0,0,0.0,361.0,False,1
8508,0,0,0.0,361.0,False,1
8512,0,0,0.0,361.0,False,1
8516,0,0,0.0,361.0,False,1
8520,0,0,0.0,361.0,False,1
8524,0,0,0.0,361.0,False,1
8528,0,0,0.0,361.0,False,1
8532,0,0,0.0,361.0,False,1
8536,0,0,0.0,361.0,False,1
8540,0,0,0.0,361.0,False,1
8544,0,0,0.0,361.0,False,1
8548,0,0,0.0,361.0,False,1
8552,0,0,0.0,361.0,False,1
8556,0,0,0.0,361.0,False,1
8560,0,0,0.0,361.0,False,1
8564,0,0,0.0,361.0,False,1
8568,0,0,0.0,361.0,False,1
8572,0,0,0.0,361.0,False,1
8576,0,0,0.0,361.0,False,1
8580,0,0,0.0,361.0,False,1
8584,0,0,0.0,361.0,False,1
8588,0,0,0.0,361.0,False,1
8592,0,0,0.0,361.0,False,1
8596,0,0,0.0,361.0,False,1
8600,0,0,0.0,361.0,False,1
8604,0,0,0.0,361.0,False,1
8608,0,0,0.0,361.0,False,1
8612,0,0,0.0,361.0,False,1
8616,0,0,0.0,361.0,False,1
8620,0,0,0.0,361.0,False,1
8624,0,0,0.0,361.0,False,1
8628,0,0,0.0,361.0,False,1
8632,0,0,0.0,361.0,False,1
8636,0,0,0.0,361.0,False,1
8640,0,0,0.0,361.0,False,1
8644,0,0,0.0,361.0,False,1
8648,0,0,0.0,361.0,False,1
8652,0,40,0.0,361.0,False,1
8656,0,40,0.0,361.0,False,1
8660,0,40,0.0,361.0,False,1
8664,0,42,2.0,363.0,False,1
8668,0,45,3.0,366.0,False,1
8672,0,50,4.0,370.0,False,1
8676,0,54,4.0,374.0,False,1
8680,0,57,3.0,377.0,False,1
8684,0,58,1.0,378.0,False,1
8688,0,58,0.0,378.0,False,1
8692,0,58,-1.0,377.0,False,1
8696,0,58,0.0,377.0,False,1
8700,0,58,0.0,377.0,False,1
8704,0,58,0.0,377.0,False,1
8708,0,58,0.0,377.0,False,1
8712,0,58,-1.0,376.0,False,1
8716,0,58,0.0,376.0,False,1
8720,0,58,0.0,376.0,False,1
8724,0,58,0.0,376.0,False,1
8728,0,58,0.0,376.0,False,1
8732,0,59,0.0,376.0,False,1
8736,0,60,1.0,377.0,False,1
8740,0,61,1.0,378.0,False,1
8744,0,61,0.0,378.0,False,1
8748,0,61,0.0,378.0,False,1
8752,0,61,-1.0,377.0,False,1
8756,0,61,0.0,377.0,False,1
8760,0,61,0.0,377.0,False,1
8764,0,61,0.0,377.0,False,1
8768,0,61,0.0,377.0,False,1
8772,0,61,-1.0,376.0,False,1
8776,0,61,0.0,376.0,False,1
8780,0,61,0.0,376.0,False,1
8784,0,61,0.0,376.0,False,1
8788,0,61,0.0,376.0,False,1
8792,0,61,-1.0,375.0,False,1
8796,0,61,0.0,375.0,False,1
8800,0,61,0.0,375.0,False,1
8804,0,61,0.0,375.0,False,1
8808,0,61,0.0,375.0,False,1
8812,0,61,-1.0,374.0,False,1
8816,0,61,0.0,374.0,False,1
8820,0,61,0.0,374.0,False,1
8824,0,61,0.0,374.0,False,1
8828,0,61,0.0,374.0,False,1
8832,0,61,-1.0,373.0,False,1
8836,0,60,0.0,373.0,False,1
8840,0,60,0.0,373.0,False,1
8844,0,60,0.0,373.0,False,1
8848,0,60,0.0,373.0,False,1
8852,0,59,-1.0,372.0,False,1
8856,0,59,0.0,372.0,False,1
8860,0,59,0.0,372.0,False,1
8864,0,59,0.0,372.0,False,1
8868,0,59,0.0,372.0,False,1
8872,0,59,-1.0,371.0,False,1
8876,0,59,0.0,371.0,False,1
8880,0,59,0.0,371.0,False,1
8884,0,59,0.0,371.0,False,1
8888,0,59,0.0,371.0,False,1
8892,0,59,-1.0,370.0,False,1
8896,0,59,0.0,370.0,False,1
8900,0,59,0.0,370.0,False,1
8904,0,59,0.0,370.0,False,1
8908,0,61,0.0,370.0,False,1
8912,0,64,2.0,372.0,False,1
8916,0,69,5.0,377.0,False,1
8920,0,72,3.0,380.0,False,1
8924,0,73,1.0,381.0,False,1
8928,0,73,0.0,381.0,False,1
8932,0,73,-1.0,380.0,False,1
8936,0,72,0.0,380.0,False,1
8940,0,72,0.0,380.0,False,1
8944,0,72,0.0,380.0,False,1
8948,0,72,0.0,380.0,False,1
8952,0,71,-1.0,379.0,False,1
8956,0,71,0.0,379.0,False,1
8960,0,71,0.0,379.0,False,1
8964,0,71,0.0,379.0,False,1
8968,0,71,0.0,379.0,False,1
8972,0,71,-1.0,378.0,False,1
8976,0,71,0.0,378.0,False,1
8980,0,71,0.0,378.0,False,1
8984,0,71,0.0,378.0,False,1
8988,0,71,0.0,378.0,False,1
8992,0,71,-1.0,377.0,False,1
8996,0,71,0.0,377.0,False,1
9000,0,71,0.0,377.0,False,1
9004,0,71,0.0,377.0,False,1
9008,0,70,0.0,377.0,False,1
9012,0,70,-1.0,376.0,False,1
9016,0,70,0.0,376.0,False,1
9020,0,70,0.0,376.0,False,1
9024,0,69,0.0,376.0,False,1
9028,0,69,0.0,376.0,False,1
9032,0,69,-1.0,375.0,False,1
9036,0,69,0.0,375.0,False,1
9040,0,68,0.0,375.0,False,1
9044,0,68,0.0,375.0,False,1
9048,0,68,0.0,375.0,False,1
9052,0,68,-1.0,374.0,False,1
9056,0,68,0.0,374.0,False,1
9060,0,68,0.0,374.0,False,1
9064,0,68,0.0,374.0,False,1
9068,0,68,0.0,374.0,False,1
9072,0,68,-1.0,373.0,False,1
9076,0,68,0.0,373.0,False,1
9080,0,70,0.0,373.0,False,1
9084,0,74,1.0,374.0,False,1
9088,0,79,5.0,379.0,False,1
9092,0,86,6.0,385.0,False,1
9096,0,95,9.0,394.0,False,1
9100,0,106,11.0,405.0,False,1
9104,0,117,11.0,416.0,False,1
9108,0,129,12.0,428.0,False,1
9112,0,141,11.0,439.0,False,1
9116,0,153,12.0,451.0,False,1
9120,0,164,11.0,462.0,False,1
9124,0,176,12.0,474.0,False,1
9128,0,188,12.0,486.0,False,1
9132,0,200,11.0,497.0,False,1
9136,0,212,12.0,509.0,False,1
9140,0,224,12.0,521.0,False,1
9144,0,236,12.0,533.0,False,1
9148,0,248,12.0,545.0,False,1
9152,0,260,11.0,556.0,False,1
9156,0,272,12.0,568.0,False,1
9160,0,284,12.0,580.0,False,1
9164,0,296,12.0,592.0,False,1
9168,0,308,12.0,604.0,False,1
9172,0,311,3.0,607.0,False,1
9176,0,311,0.0,607.0,False,1
9180,0,311,0.0,607.0,False,1
9184,0,311,0.0,607.0,False,1
9188,0,311,0.0,607.0,False,1
9192,0,311,0.0,607.0,False,1
9196,0,311,0.0,607.0,False,1
9200,0,311,0.0,607.0,False,1
9204,0,311,0.0,607.0,False,1
9208,0,311,0.0,607.0,False,1
9212,0,311,0.0,607.0,False,1
9216,0,311,0.0,607.0,False,1
9220,0,311,0.0,607.0,False,1
9224,0,311,0.0,607.0,False,1
9228,0,311,0.0,607.0,False,1
9232,0,311,0.0,607.0,False,1
9236,0,311,0.0,607.0,False,1
9240,0,311,0.0,607.0,False,1
9244,0,311,0.0,607.0,False,1
9248,0,311,0.0,607.0,False,1
9252,0,311,0.0,607.0,False,1
9256,0,311,0.0,607.0,False,1
9260,0,311,0.0,607.0,False,1
9264,0,311,0.0,607.0,False,1
9268,0,311,0.0,607.0,False,1
9272,0,311,0.0,607.0,False,1
9276,0,311,0.0,607.0,False,1
9280,0,311,0.0,607.0,False,1
9284,0,311,0.0,607.0,False,1
9288,0,311,0.0,607.0,False,1
9292,0,311,0.0,607.0,False,1
9296,0,311,0.0,607.0,False,1
9300,0,311,0.0,607.0,False,1
9304,0,311,0.0,607.0,False,1
9308,0,311,0.0,607.0,False,1
9312,0,311,0.0,607.0,False,1
9316,0,311,0.0,607.0,False,1
9320,0,311,0.0,607.0,False,1
9324,0,311,0.0,607.0,False,1
9328,0,311,0.0,607.0,False,1
9332,0,311,0.0,607.0,False,1
9336,0,311,0.0,607.0,False,1
9340,0,311,0.0,607.0,False,1
9344,0,311,0.0,607.0,False,1
9348,0,311,0.0,607.0,False,1
9352,0,311,-100.0,507.0,False,0
9356,0,0,0.0,507.0,False,0
9360,0,0,0.0,507.0,False,0
9364,0,0,0.0,507.0,False,0
9368,0,0,0.0,507.0,False,0
9372,0,0,0.0,507.0,False,0
9376,0,0,0.0,507.0,False,0
9380,0,0,0.0,507.0,False,0
9384,0,0,0.0,507.0,False,0
9388,0,0,0.0,507.0,False,0
9392,0,0,0.0,507.0,False,0
9396,0,0,0.0,507.0,False,0
9400,0,0,0.0,507.0,False,0
9404,0,0,0.0,507.0,False,0
9408,0,0,0.0,507.0,False,0
9412,0,0,0.0,507.0,False,0
9416,0,0,0.0,507.0,False,0
9420,0,0,0.0,507.0,False,0
9424,0,0,0.0,507.0,False,0
9428,0,0,0.0,507.0,False,0
9432,0,0,0.0,507.0,False,0
9436,0,0,0.0,507.0,False,0
9440,0,0,0.0,507.0,False,0
9444,0,0,0.0,507.0,False,0
9448,0,0,0.0,507.0,False,0
9452,0,0,0.0,507.0,False,0
9456,0,0,0.0,507.0,False,0
9460,0,0,0.0,507.0,False,0
9464,0,0,0.0,507.0,False,0
9468,0,0,0.0,507.0,False,0
9472,0,0,0.0,507.0,False,0
9476,0,0,0.0,507.0,False,0
9480,0,0,0.0,507.0,False,0
9484,0,0,0.0,507.0,False,0
9488,0,0,0.0,507.0,False,0
9492,0,0,0.0,507.0,False,0
9496,0,0,0.0,507.0,False,0
9500,0,0,0.0,507.0,False,0
9504,0,40,0.0,507.0,False,0
9508,0,40,0.0,507.0,False,0
9512,0,40,0.0,507.0,False,0
9516,0,40,0.0,507.0,False,0
9520,0,40,0.0,507.0,False,0
9524,0,40,-1.0,506.0,False,0
9528,0,40,0.0,506.0,False,0
9532,0,40,0.0,506.0,False,0
9536,0,40,0.0,506.0,False,0
9540,0,40,0.0,506.0,False,0
9544,0,40,-1.0,505.0,False,0
9548,0,40,0.0,505.0,False,0
9552,0,40,0.0,505.0,False,0
9556,0,40,0.0,505.0,False,0
9560,0,40,0.0,505.0,False,0
9564,0,40,-1.0,504.0,False,0
9568,0,40,0.0,504.0,False,0
9572,0,40,0.0,504.0,False,0
9576,0,40,0.0,504.0,False,0
9580,0,40,0.0,504.0,False,0
9584,0,40,-1.0,503.0,False,0
9588,0,39,0.0,503.0,False,0
9592,0,39,0.0,503.0,False,0
9596,0,38,0.0,503.0,False,0
9600,0,38,0.0,503.0,False,0
9604,0,37,-1.0,502.0,False,0
9608,0,37,0.0,502.0,False,0
9612,0,37,0.0,502.0,False,0
9616,0,37,0.0,502.0,False,0
9620,0,37,0.0,502.0,False,0
9624,0,37,-1.0,501.0,False,0
9628,0,37,0.0,501.0,False,0
9632,0,37,0.0,501.0,False,0
9636,0,37,0.0,501.0,False,0
9640,0,37,0.0,501.0,False,0
9644,0,37,-1.0,500.0,False,0
9648,0,37,0.0,500.0,False,0
9652,0,37,0.0,500.0,False,0
9656,0,37,0.0,500.0,False,0
9660,0,37,0.0,500.0,False,0
9664,0,37,-1.0,499.0,False,0
9668,0,37,0.0,499.0,False,0
9672,0,37,0.0,499.0,False,0
9676,0,37,0.0,499.0,False,0
9680,0,37,0.0,499.0,False,0
9684,0,38,-1.0,498.0,False,0
9688,0,38,0.0,498.0,False,0
9692,0,38,0.0,498.0,False,0
9696,0,38,0.0,498.0,False,0
9700,0,39,0.0,498.0,False,0
9704,0,39,-1.0,497.0,False,0
9708,0,40,0.0,497.0,False,0
9712,0,42,2.0,499.0,False,0
9716,0,42,0.0,499.0,False,0
9720,0,42,0.0,499.0,False,0
9724,0,42,-1.0,498.0,False,0
9728,0,42,0.0,498.0,False,0
9732,0,42,0.0,498.0,False,0
9736,0,42,0.0,498.0,False,0
9740,0,42,0.0,498.0,False,0
9744,0,42,-1.0,497.0,False,0
9748,0,42,0.0,497.0,False,0
9752,0,42,0.0,497.0,False,0
9756,0,42,0.0,497.0,False,0
9760,0,44,2.0,499.0,False,0
9764,0,48,3.0,502.0,False,0
9768,0,53,5.0,507.0,False,0
9772,0,60,7.0,514.0,False,0
9776,0,69,9.0,523.0,False,0
9780,0,79,10.0,533.0,False,0
9784,0,88,8.0,541.0,False,0
9788,0,98,10.0,551.0,False,0
9792,0,107,9.0,560.0,False,0
9796,0,117,10.0,570.0,False,0
9800,0,126,9.0,579.0,False,0
9804,0,136,9.0,588.0,False,0
9808,0,145,9.0,597.0,False,0
9812,0,155,10.0,607.0,False,0
9816,0,164,9.0,616.0,False,0
9820,0,174,10.0,626.0,False,0
9824,0,183,8.0,634.0,False,0
9828,0,192,9.0,643.0,False,0
9832,0,199,7.0,650.0,False,0
9836,0,206,7.0,657.0,False,0
9840,0,213,7.0,664.0,False,0
9844,0,221,7.0,671.0,False,0
9848,0,229,8.0,679.0,False,0
9852,0,237,8.0,687.0,False,0
9856,0,245,8.0,695.0,False,0
9860,0,254,9.0,704.0,False,0
9864,0,263,8.0,712.0,False,0
9868,0,274,11.0,723.0,False,0
9872,0,285,11.0,734.0,False,0
9876,0,296,11.0,745.0,False,0
9880,0,305,9.0,754.0,False,0
9884,0,305,0.0,754.0,False,0
9888,0,305,0.0,754.0,False,0
9892,0,305,0.0,754.0,False,0
9896,0,305,0.0,754.0,False,0
9900,0,305,0.0,754.0,False,0
9904,0,305,0.0,754.0,False,0
9908,0,305,0.0,754.0,False,0
9912,0,305,0.0,754.0,False,0
9916,0,305,0.0,754.0,False,0
9920,0,305,0.0,754.0,False,0
9924,0,305,0.0,754.0,False,0
9928,0,305,0.0,754.0,False,0
9932,0,305,0.0,754.0,False,0
9936,0,305,0.0,754.0,False,0
9940,0,305,0.0,754.0,False,0
9944,0,305,0.0,754.0,False,0
9948,0,305,0.0,754.0,False,0
9952,0,305,0.0,754.0,False,0
9956,0,305,0.0,754.0,False,0
9960,0,305,0.0,754.0,False,0
9964,0,305,0.0,754.0,False,0
9968,0,305,0.0,754.0,False,0
9972,0,305,0.0,754.0,False,0
9976,0,305,0.0,754.0,False,0
9980,0,305,0.0,754.0,False,0
9984,0,305,0.0,754.0,False,0
9988,0,305,0.0,754.0,False,0
9992,0,305,0.0,754.0,False,0
9996,0,305,0.0,754.0,False,0
10000,0,305,0.0,754.0,False,0
10004,0,305,0.0,754.0,False,0
10008,0,305,0.0,754.0,False,0
10012,0,305,0.0,754.0,False,0
10016,0,305,0.0,754.0,False,0
10020,0,305,0.0,754.0,False,0
10024,0,305,0.0,754.0,False,0
10028,0,305,0.0,754.0,False,0
10032,0,305,0.0,754.0,False,0
10036,0,305,0.0,754.0,False,0
10040,0,305,0.0,754.0,False,0
10044,0,305,0.0,754.0,False,0
10048,0,305,0.0,754.0,False,0
10052,0,305,0.0,754.0,False,0
10056,0,305,0.0,754.0,False,0
10060,0,305,0.0,754.0,False,0
10064,0,305,-100.0,654.0,False,255
10068,0,305,-100.0,554.0,False,255
10072,0,305,-100.0,454.0,False,255
10076,0,305,-100.0,354.0,False,255
10080,0,305,-100.0,254.0,False,255
10084,0,305,-100.0,154.0,False,255
10088,0,305,-100.0,54.0,False,255
10092,0,305,-100.0,-46.0,False,255
10096,0,305,-100.0,-146.0,False,255
10100,0,305,-100.0,-246.0,False,255
10104,0,305,-100.0,-346.0,False,255
10108,0,305,-100.0,-446.0,False,255
10112,0,305,-100.0,-546.0,False,255
10116,0,305,-100.0,-646.0,False,255
10120,0,305,-100.0,-746.0,False,255
10124,0,305,-100.0,-846.0,False,255
10128,0,305,-100.0,-946.0,False,255
10132,0,305,-100.0,-1046.0,False,255
10136,0,305,-100.0,-1146.0,False,255
10140,0,305,-100.0,-1246.0,False,255
10144,0,305,-100.0,-1346.0,False,255
10148,0,305,-100.0,-1446.0,False,255
10152,0,305,-100.0,-1546.0,False,255
10156,0,305,-100.0,-1646.0,False,255
10160,0,305,-100.0,-1746.0,False,255
10164,0,305,-100.0,-1846.0,False,255
10168,0,305,-100.0,-1946.0,False,255
10172,0,305,-100.0,-2046.0,False,255
10176,0,305,-100.0,-2146.0,False,255
10180,0,305,-100.0,-2246.0,False,255
10184,0,305,-100.0,-2346.0,False,255
10188,0,305,-100.0,-2446.0,False,255
10192,0,305,-100.0,-2546.0,False,255
10196,0,305,-100.0,-2646.0,False,255
10200,0,305,-100.0,-2746.0,False,255
10204,0,305,-100.0,-2846.0,False,255
10208,0,305,-100.0,-2946.0,False,255
10212,0,305,-100.0,-3046.0,False,255
10216,0,305,-100.0,-3146.0,False,255
10220,0,305,-100.0,-3246.0,False,255
10224,0,305,-100.0,-3346.0,False,255
10228,0,305,-100.0,-3446.0,False,255
10232,0,305,-100.0,-3546.0,False,255
10236,0,305,-100.0,-3646.0,False,255
10240,0,305,-100.0,-3746.0,False,255
10244,0,305,-100.0,-3846.0,False,255
10248,0,305,-100.0,-3946.0,False,255
10252,0,305,-100.0,-4046.0,False,255
10256,0,305,-100.0,-4146.0,False,255
10260,0,305,-100.0,-4246.0,False,255
10264,0,305,-100.0,-4346.0,False,255
10268,0,305,-100.0,-4446.0,False,255
10272,0,305,-100.0,-4546.0,False,255
10276,0,305,-100.0,-4646.0,False,255
10280,0,305,-100.0,-4746.0,False,255
10284,0,305,-100.0,-4846.0,False,255
10288,0,305,-100.0,-4946.0,False,255
10292,0,305,-100.0,-5046.0,False,255
10296,0,305,-100.0,-5146.0,False,255
10300,0,305,-100.0,-5246.0,False,255
10304,0,305,-100.0,-5346.0,False,255
10308,0,305,-100.0,-5446.0,False,255
10312,0,305,-100.0,-5546.0,False,255
10316,0,305,-100.0,-5646.0,False,255
10320,0,305,-100.0,-5746.0,False,255
10324,0,305,-100.0,-5846.0,False,255
10328,0,305,-100.0,-5946.0,False,255
10332,0,305,-100.0,-6046.0,False,255
10336,0,305,-100.0,-6146.0,False,255
10340,0,305,-100.0,-6246.0,False,255
10344,0,305,-100.0,-6346.0,False,255
10348,0,305,-100.0,-6446.0,False,255
10352,0,305,-100.0,-6546.0,False,255
10356,0,305,-100.0,-6646.0,False,255
10360,0,305,-100.0,-6746.0,False,255
10364,0,305,-100.0,-6846.0,False,255
10368,0,305,-100.0,-6946.0,False,255
10372,0,305,-100.0,-7046.0,False,255
10376,0,305,-100.0,-7146.0,False,255
10380,0,305,-100.0,-7246.0,False,255
10384,0,305,-100.0,-7346.0,False,255
10388,0,305,-100.0,-7446.0,False,255
10392,0,305,-100.0,-7546.0,False,255
10396,0,305,-100.0,-7646.0,False,255
10400,0,305,-100.0,-7746.0,False,255
10404,0,305,-100.0,-7846.0,False,255
10408,0,305,-100.0,-7946.0,False,255
10412,0,305,-100.0,-8046.0,False,255
10416,0,305,-100.0,-8146.0,False,255
10420,0,305,-100.0,-8246.0,False,255
10424,0,305,-100.0,-8346.0,False,255
10428,0,305,-100.0,-8446.0,False,255
10432,0,305,-100.0,-8546.0,False,255
10436,0,305,-100.0,-8646.0,False,255
10440,0,305,-100.0,-8746.0,False,255
10444,0,305,-100.0,-8846.0,False,255
10448,0,305,-100.0,-8946.0,False,255
10452,0,305,-100.0,-9046.0,False,255
10456,0,305,-100.0,-9146.0,False,255
10460,0,0,-100.0,-9246.0,False,0
10464,0,0,0.0,-9246.0,False,0
10468,0,0,0.0,-9246.0,False,0
10472,0,0,0.0,-9246.0,False,0
10476,0,0,0.0,-9246.0,False,0
10480,0,0,0.0,-9246.0,False,0
10484,0,0,0.0,-9246.0,False,0
10488,0,40,0.0,-9246.0,False,2
10492,0,40,0.0,-9246.0,False,2
10496,0,40,0.0,-9246.0,False,2
10500,0,40,0.0,-9246.0,False,2
10504,0,40,0.0,-9246.0,False,2
10508,0,40,0.0,-9246.0,False,2
10512,0,40,0.0,-9246.0,False,2
10516,0,40,0.0,-9246.0,False,2
10520,0,40,0.0,-9246.0,False,2
10524,0,40,0.0,-9246.0,False,2
10528,0,40,0.0,-9246.0,False,2
10532,0,40,0.0,-9246.0,False,2
10536,0,40,0.0,-9246.0,False,2
10540,0,40,0.0,-9246.0,False,2
10544,0,40,0.0,-9246.0,False,2
10548,0,40,0.0,-9246.0,False,2
10552,0,40,0.0,-9246.0,False,2
10556,0,40,0.0,-9246.0,False,2
10560,0,40,0.0,-9246.0,False,2
10564,0,40,0.0,-9246.0,False,2
10568,0,40,0.0,-9246.0,False,2
10572,0,40,0.0,-9246.0,False,2
10576,0,40,0.0,-9246.0,False,2
10580,0,40,0.0,-9246.0,False,2
10584,0,40,0.0,-9246.0,False,2
10588,0,40,0.0,-9246.0,False,2
10592,0,40,0.0,-9246.0,False,2
10596,0,40,0.0,-9246.0,False,2
10600,0,40,0.0,-9246.0,False,2
10604,0,40,0.0,-9246.0,False,2
10608,0,40,0.0,-9246.0,False,2
10612,0,40,0.0,-9246.0,False,2
10616,0,40,0.0,-9246.0,False,2
10620,0,40,0.0,-9246.0,False,2
10624,0,40,0.0,-9246.0,False,2
10628,0,40,0.0,-9246.0,False,2
10632,0,40,0.0,-9246.0,False,2
10636,0,40,0.0,-9246.0,False,2
10640,0,40,0.0,-9246.0,False,2
10644,0,40,0.0,-9246.0,False,2
10648,0,40,0.0,-9246.0,False,2
10652,0,40,0.0,-9246.0,False,2
10656,0,40,0.0,-9246.0,False,2
10660,0,40,0.0,-9246.0,False,2
10664,0,40,0.0,-9246.0,False,2
10668,0,40,0.0,-9246.0,False,2
10672,0,40,0.0,-9246.0,False,2
10676,0,40,0.0,-9246.0,False,2
10680,0,40,0.0,-9246.0,False,2
10684,0,40,0.0,-9246.0,False,2
10688,0,40,0.0,-9246.0,False,2
10692,0,40,0.0,-9246.0,False,2
10696,0,40,0.0,-9246.0,False,2
10700,0,40,0.0,-9246.0,False,2
10704,0,40,0.0,-9246.0,False,2
10708,0,40,0.0,-9246.0,False,2
10712,0,40,0.0,-9246.0,False,2
10716,0,40,0.0,-9246.0,False,2
10720,0,40,0.0,-9246.0,False,2
10724,0,40,0.0,-9246.0,False,2
10728,0,40,0.0,-9246.0,False,2
10732,0,40,0.0,-9246.0,False,2
10736,0,40,0.0,-9246.0,False,2
10740,0,40,0.0,-9246.0,False,2
10744,0,40,0.0,-9246.0,False,2
10748,0,40,0.0,-9246.0,False,2
10752,0,40,0.0,-9246.0,False,2
10756,0,40,0.0,-9246.0,False,2
10760,0,40,0.0,-9246.0,False,2
10764,0,40,0.0,-9246.0,False,2
10768,0,40,0.0,-9246.0,False,2
10772,0,40,0.0,-9246.0,False,2
10776,0,40,0.0,-9246.0,False,2
10780,0,40,0.0,-9246.0,False,2
10784,0,40,0.0,-9246.0,False,2
10788,0,40,0.0,-9246.0,False,2
10792,0,40,0.0,-9246.0,False,2
10796,0,40,0.0,-9246.0,False,2
10800,0,40,0.0,-9246.0,False,2
10804,0,40,0.0,-9246.0,False,2
10808,0,40,0.0,-9246.0,False,2
10812,0,40,0.0,-9246.0,False,2
10816,0,40,0.0,-9246.0,False,2
10820,0,40,0.0,-9246.0,False,2
10824,0,40,0.0,-9246.0,False,2
10828,0,40,0.0,-9246.0,False,2
10832,0,40,0.0,-9246.0,False,2
10836,0,40,0.0,-9246.0,False,2
10840,0,40,0.0,-9246.0,False,2
10844,0,40,0.0,-9246.0,False,2
10848,0,40,0.0,-9246.0,False,2
10852,0,40,0.0,-9246.0,False,2
10856,0,40,0.0,-9246.0,False,2
10860,0,40,0.0,-9246.0,False,2
10864,0,40,0.0,-9246.0,False,2
10868,0,40,0.0,-9246.0,False,2
10872,0,40,0.0,-9246.0,False,2
10876,0,40,0.0,-9246.0,False,2
10880,0,40,0.0,-9246.0,False,2
10884,0,40,0.0,-9246.0,False,2
10888,0,40,0.0,-9246.0,False,2
10892,0,40,0.0,-9246.0,False,2
10896,0,41,1.0,-9245.0,False,2
10900,0,44,3.0,-9242.0,False,2
10904,0,47,3.0,-9239.0,False,2
10908,0,51,4.0,-9235.0,False,2
10912,0,57,6.0,-9229.0,False,2
10916,0,63,6.0,-9223.0,False,2
10920,0,70,7.0,-9216.0,False,2
10924,0,77,7.0,-9209.0,False,2
10928,0,84,7.0,-9202.0,False,2
10932,0,91,7.0,-9195.0,False,2
10936,0,98,7.0,-9188.0,False,2
10940,0,105,7.0,-9181.0,False,2
10944,0,112,0.0,-9181.0,False,2
10948,0,119,7.0,-9174.0,False,2
10952,0,126,7.0,-9167.0,False,2
10956,0,133,7.0,-9160.0,False,2
10960,0,140,7.0,-9153.0,False,2
10964,0,147,7.0,-9146.0,False,2
10968,0,154,7.0,-9139.0,False,2
10972,0,161,7.0,-9132.0,False,2
10976,0,168,0.0,-9132.0,False,2
10980,0,175,7.0,-9125.0,False,2
10984,0,182,7.0,-9118.0,False,2
10988,0,189,7.0,-9111.0,False,2
10992,0,196,7.0,-9104.0,False,2
10996,0,203,7.0,-9097.0,False,2
11000,0,210,7.0,-9090.0,False,2
11004,0,217,7.0,-9083.0,False,2
11008,0,224,0.0,-9083.0,False,2
11012,0,231,7.0,-9076.0,False,2
11016,0,238,7.0,-9069.0,False,2
11020,0,245,7.0,-9062.0,False,2
11024,0,252,7.0,-9055.0,False,2
11028,0,259,7.0,-9048.0,False,2
11032,0,266,7.0,-9041.0,False,2
11036,0,273,7.0,-9034.0,False,2
11040,0,280,0.0,-9034.0,False,2
11044,0,287,7.0,-9027.0,False,2
11048,0,294,7.0,-9020.0,False,2
11052,0,301,7.0,-9013.0,False,2
11056,0,307,6.0,-9007.0,False,2
11060,0,306,0.0,-9007.0,False,2
11064,0,306,0.0,-9007.0,False,2
11068,0,303,0.0,-9007.0,False,2
11072,0,299,0.0,-9007.0,False,2
11076,0,292,0.0,-9007.0,False,2
11080,0,285,0.0,-9007.0,False,2
11084,0,278,0.0,-9007.0,False,2
11088,0,272,0.0,-9007.0,False,2
11092,0,268,0.0,-9007.0,False,2
11096,0,265,0.0,-9007.0,False,2
11100,0,266,0.0,-9007.0,False,2
11104,0,268,0.0,-9007.0,False,2
11108,0,272,4.0,-9003.0,False,2
11112,0,278,6.0,-8997.0,False,2
11116,0,286,8.0,-8989.0,False,2
11120,0,295,9.0,-8980.0,False,2
11124,0,306,11.0,-8969.0,False,2
11128,0,318,12.0,-8957.0,False,2
11132,0,330,12.0,-8945.0,False,2
11136,0,342,0.0,-8945.0,False,2
11140,0,354,12.0,-8933.0,False,2
11144,0,366,12.0,-8921.0,False,2
11148,0,378,12.0,-8909.0,False,2
11152,0,390,12.0,-8897.0,False,2
11156,0,401,11.0,-8886.0,False,2
11160,0,410,9.0,-8877.0,False,2
11164,0,417,7.0,-8870.0,False,2
11168,0,424,0.0,-8870.0,False,2
11172,0,431,7.0,-8863.0,False,2
11176,0,434,3.0,-8860.0,False,2
11180,0,434,0.0,-8860.0,False,2
11184,0,434,0.0,-8860.0,False,2
11188,0,434,0.0,-8860.0,False,2
11192,0,434,0.0,-8860.0,False,2
11196,0,434,0.0,-8860.0,False,2
11200,0,434,0.0,-8860.0,False,2
11204,0,434,0.0,-8860.0,False,2
11208,0,432,0.0,-8860.0,False,2
11212,0,428,0.0,-8860.0,False,2
11216,0,423,0.0,-8860.0,False,2
11220,0,416,0.0,-8860.0,False,2
11224,0,407,0.0,-8860.0,False,2
11228,0,396,0.0,-8860.0,False,2
11232,0,384,0.0,-8860.0,False,2
11236,0,372,0.0,-8860.0,False,2
11240,0,360,0.0,-8860.0,False,2
11244,0,348,0.0,-8860.0,False,2
11248,0,336,0.0,-8860.0,False,2
11252,0,324,0.0,-8860.0,False,2
11256,0,323,0.0,-8860.0,False,2
11260,0,323,0.0,-8860.0,False,2
11264,0,323,0.0,-8860.0,False,2
11268,0,323,0.0,-8860.0,False,2
11272,0,323,0.0,-8860.0,False,2
11276,0,323,0.0,-8860.0,False,2
11280,0,323,0.0,-8860.0,False,2
11284,0,323,0.0,-8860.0,False,2
11288,0,323,0.0,-8860.0,False,2
11292,0,323,0.0,-8860.0,False,2
11296,0,323,0.0,-8860.0,False,2
11300,0,323,0.0,-8860.0,False,2
11304,0,323,0.0,-8860.0,False,2
11308,0,323,0.0,-8860.0,False,2
11312,0,323,0.0,-8860.0,False,2
11316,0,323,0.0,-8860.0,False,2
11320,0,323,0.0,-8860.0,False,2
11324,0,323,0.0,-8860.0,False,2
11328,0,323,0.0,-8860.0,False,2
11332,0,323,0.0,-8860.0,False,2
11336,0,323,0.0,-8860.0,False,2
11340,0,323,0.0,-8860.0,False,2
11344,0,323,0.0,-8860.0,False,2
11348,0,323,0.0,-8860.0,False,2
11352,0,323,0.0,-8860.0,False,2
11356,0,323,0.0,-8860.0,False,2
11360,0,323,0.0,-8860.0,False,2
11364,0,324,1.0,-8859.0,False,2
11368,0,326,2.0,-8857.0,False,2
11372,0,330,4.0,-8853.0,False,2
11376,0,335,5.0,-8848.0,False,2
11380,0,343,8.0,-8840.0,False,2
11384,0,352,9.0,-8831.0,False,2
11388,0,363,11.0,-8820.0,False,2
11392,0,375,0.0,-8820.0,False,2
11396,0,387,12.0,-8808.0,False,2
11400,0,399,12.0,-8796.0,False,2
11404,0,411,12.0,-8784.0,False,2
11408,0,423,12.0,-8772.0,False,2
11412,0,435,12.0,-8760.0,False,2
11416,0,447,12.0,-8748.0,False,2
11420,0,459,12.0,-8736.0,False,2
11424,0,471,0.0,-8736.0,False,2
11428,0,483,12.0,-8724.0,False,2
11432,0,495,12.0,-8712.0,False,2
11436,0,507,12.0,-8700.0,False,2
11440,0,519,12.0,-8688.0,False,2
11444,0,531,12.0,-8676.0,False,2
11448,0,543,12.0,-8664.0,False,2
11452,0,555,12.0,-8652.0,False,2
11456,0,567,0.0,-8652.0,False,2
11460,0,579,12.0,-8640.0,False,2
11464,0,591,12.0,-8628.0,False,2
11468,0,594,3.0,-8625.0,False,2
11472,0,594,0.0,-8625.0,False,2
11476,0,594,0.0,-8625.0,False,2
11480,0,594,0.0,-8625.0,False,2
11484,0,594,0.0,-8625.0,False,2
11488,0,594,0.0,-8625.0,False,2
11492,0,594,0.0,-8625.0,False,2
11496,0,595,1.0,-8624.0,False,2
11500,0,597,2.0,-8622.0,False,2
11504,0,600,3.0,-8619.0,False,2
11508,0,603,3.0,-8616.0,False,2
11512,0,608,5.0,-8611.0,False,2
11516,0,614,6.0,-8605.0,False,2
11520,0,621,0.0,-8605.0,False,2
11524,0,628,7.0,-8598.0,False,2
11528,0,635,7.0,-8591.0,False,2
11532,0,642,7.0,-8584.0,False,2
11536,0,649,7.0,-8577.0,False,2
11540,0,656,7.0,-8570.0,False,2
11544,0,663,7.0,-8563.0,False,2
11548,0,670,7.0,-8556.0,False,2
11552,0,677,0.0,-8556.0,False,2
11556,0,684,7.0,-8549.0,False,2
11560,0,691,7.0,-8542.0,False,2
11564,0,698,7.0,-8535.0,False,2
11568,0,698,0.0,-8535.0,False,2
11572,0,698,0.0,-8535.0,False,2
11576,0,698,0.0,-8535.0,False,2
11580,0,698,0.0,-8535.0,False,2
11584,0,698,0.0,-8535.0,False,2
11588,0,698,0.0,-8535.0,False,2
11592,0,698,0.0,-8535.0,False,2
11596,0,698,0.0,-8535.0,False,2
11600,0,698,0.0,-8535.0,False,2
11604,0,698,0.0,-8535.0,False,2
11608,0,698,0.0,-8535.0,False,2
11612,0,698,0.0,-8535.0,False,2
11616,0,698,0.0,-8535.0,False,2
11620,0,698,0.0,-8535.0,False,2
11624,0,698,0.0,-8535.0,False,2
11628,0,698,0.0,-8535.0,False,2
11632,0,698,0.0,-8535.0,False,2
11636,0,698,0.0,-8535.0,False,2
11640,0,698,0.0,-8535.0,False,2
11644,0,698,0.0,-8535.0,False,2
11648,0,698,0.0,-8535.0,False,2
11652,0,698,0.0,-8535.0,False,2
11656,0,698,0.0,-8535.0,False,2
11660,0,698,0.0,-8535.0,False,2
11664,0,698,0.0,-8535.0,False,2
11668,0,698,0.0,-8535.0,False,2
11672,0,698,0.0,-8535.0,False,2
11676,0,698,0.0,-8535.0,False,2
11680,0,698,0.0,-8535.0,False,2
11684,0,698,0.0,-8535.0,False,2
11688,0,698,0.0,-8535.0,False,2
11692,0,698,0.0,-8535.0,False,2
11696,0,698,0.0,-8535.0,False,2
11700,0,698,0.0,-8535.0,False,2
11704,0,698,0.0,-8535.0,False,2
11708,0,698,0.0,-8535.0,False,2
11712,0,698,0.0,-8535.0,False,2
11716,0,698,0.0,-8535.0,False,2
11720,0,698,0.0,-8535.0,False,2
11724,0,698,0.0,-8535.0,False,2
11728,0,698,0.0,-8535.0,False,2
11732,0,698,0.0,-8535.0,False,2
11736,0,698,0.0,-8535.0,False,2
11740,0,698,0.0,-8535.0,False,2
11744,0,698,0.0,-8535.0,False,2
11748,0,698,-100.0,-8635.0,False,0
11752,0,0,0.0,-8635.0,False,0
11756,0,0,0.0,-8635.0,False,0
11760,0,0,0.0,-8635.0,False,0
11764,0,0,0.0,-8635.0,False,0
11768,0,0,0.0,-8635.0,False,0
11772,0,0,0.0,-8635.0,False,0
11776,0,40,0.0,-8635.0,False,2
11780,0,40,0.0,-8635.0,False,2
11784,0,40,0.0,-8635.0,False,2
11788,0,40,0.0,-8635.0,False,2
11792,0,40,0.0,-8635.0,False,2
11796,0,40,0.0,-8635.0,False,2
11800,0,40,0.0,-8635.0,False,2
11804,0,40,0.0,-8635.0,False,2
11808,0,40,0.0,-8635.0,False,2
11812,0,40,0.0,-8635.0,False,2
11816,0,40,0.0,-8635.0,False,2
11820,0,40,0.0,-8635.0,False,2
11824,0,40,0.0,-8635.0,False,2
11828,0,40,0.0,-8635.0,False,2
11832,0,40,0.0,-8635.0,False,2
11836,0,40,0.0,-8635.0,False,2
11840,0,40,0.0,-8635.0,False,2
11844,0,40,0.0,-8635.0,False,2
11848,0,40,0.0,-8635.0,False,2
11852,0,40,0.0,-8635.0,False,2
11856,0,40,0.0,-8635.0,False,2
11860,0,40,0.0,-8635.0,False,2
11864,0,40,0.0,-8635.0,False,2
11868,0,40,0.0,-8635.0,False,2
11872,0,40,0.0,-8635.0,False,2
11876,0,40,0.0,-8635.0,False,2
11880,0,40,0.0,-8635.0,False,2
11884,0,40,0.0,-8635.0,False,2
11888,0,40,0.0,-8635.0,False,2
11892,0,40,0.0,-8635.0,False,2
11896,0,40,0.0,-8635.0,False,2
11900,0,40,0.0,-8635.0,False,2
11904,0,40,0.0,-8635.0,False,2
11908,0,40,0.0,-8635.0,False,2
11912,0,40,0.0,-8635.0,False,2
11916,0,40,0.0,-8635.0,False,2
11920,0,40,0.0,-8635.0,False,2
11924,0,40,0.0,-8635.0,False,2
11928,0,40,0.0,-8635.0,False,2
11932,0,40,0.0,-8635.0,False,2
11936,0,40,0.0,-8635.0,False,2
11940,0,40,0.0,-8635.0,False,2
11944,0,40,0.0,-8635.0,False,2
11948,0,40,0.0,-8635.0,False,2
11952,0,40,0.0,-8635.0,False,2
11956,0,40,0.0,-8635.0,False,2
11960,0,40,0.0,-8635.0,False,2
11964,0,40,0.0,-8635.0,False,2
11968,0,40,0.0,-8635.0,False,2
11972,0,40,0.0,-8635.0,False,2
11976,0,40,0.0,-8635.0,False,2
11980,0,40,0.0,-8635.0,False,2
11984,0,40,0.0,-8635.0,False,2
11988,0,40,0.0,-8635.0,False,2
11992,0,40,0.0,-8635.0,False,2
11996,0,40,0.0,-8635.0,False,2
12000,0,40,0.0,-8635.0,False,2
12004,0,40,0.0,-8635.0,False,2
12008,0,40,0.0,-8635.0,False,2
12012,0,40,0.0,-8635.0,False,2
12016,0,40,0.0,-8635.0,False,2
12020,0,40,0.0,-8635.0,False,2
12024,0,40,0.0,-8635.0,False,2
12028,0,40,0.0,-8635.0,False,2
12032,0,40,0.0,-8635.0,False,2
12036,0,40,0.0,-8635.0,False,2
12040,0,40,0.0,-8635.0,False,2
12044,0,40,0.0,-8635.0,False,2
12048,0,40,0.0,-8635.0,False,2
12052,0,40,0.0,-8635.0,False,2
12056,0,40,0.0,-8635.0,False,2
12060,0,40,0.0,-8635.0,False,2
12064,0,40,0.0,-8635.0,False,2
12068,0,40,0.0,-8635.0,False,2
12072,0,40,0.0,-8635.0,False,2
12076,0,40,0.0,-8635.0,False,2
12080,0,40,0.0,-8635.0,False,2
12084,0,40,0.0,-8635.0,False,2
12088,0,40,0.0,-8635.0,False,2
12092,0,40,0.0,-8635.0,False,2
12096,0,40,0.0,-8635.0,False,2
12100,0,40,0.0,-8635.0,False,2
12104,0,40,0.0,-8635.0,False,2
12108,0,40,0.0,-8635.0,False,2
12112,0,40,0.0,-8635.0,False,2
12116,0,40,0.0,-8635.0,False,2
12120,0,40,0.0,-8635.0,False,2
12124,0,40,0.0,-8635.0,False,2
12128,0,40,0.0,-8635.0,False,2
12132,0,40,0.0,-8635.0,False,2
12136,0,40,0.0,-8635.0,False,2
12140,0,40,0.0,-8635.0,False,2
12144,0,40,0.0,-8635.0,False,2
12148,0,40,0.0,-8635.0,False,2
12152,0,40,0.0,-8635.0,False,2
12156,0,40,0.0,-8635.0,False,2
12160,0,40,0.0,-8635.0,False,2
12164,0,40,0.0,-8635.0,False,2
12168,0,40,0.0,-8635.0,False,2
12172,0,40,0.0,-8635.0,False,2
12176,0,40,0.0,-8635.0,False,2
12180,0,42,2.0,-8633.0,False,2
12184,0,45,3.0,-8630.0,False,2
12188,0,49,4.0,-8626.0,False,2
12192,0,54,5.0,-8621.0,False,2
12196,0,60,6.0,-8615.0,False,2
12200,0,67,7.0,-8608.0,False,2
12204,0,74,7.0,-8601.0,False,2
12208,0,81,7.0,-8594.0,False,2
12212,0,88,7.0,-8587.0,False,2
12216,0,95,7.0,-8580.0,False,2
12220,0,102,7.0,-8573.0,False,2
12224,0,109,7.0,-8566.0,False,2
12228,0,116,7.0,-8559.0,False,2
12232,0,123,0.0,-8559.0,False,2
12236,0,130,7.0,-8552.0,False,2
12240,0,137,7.0,-8545.0,False,2
12244,0,144,7.0,-8538.0,False,2
12248,0,151,7.0,-8531.0,False,2
12252,0,158,7.0,-8524.0,False,2
12256,0,165,7.0,-8517.0,False,2
12260,0,172,7.0,-8510.0,False,2
12264,0,179,0.0,-8510.0,False,2
12268,0,186,7.0,-8503.0,False,2
12272,0,193,7.0,-8496.0,False,2
12276,0,200,7.0,-8489.0,False,2
12280,0,207,7.0,-8482.0,False,2
12284,0,214,7.0,-8475.0,False,2
12288,0,221,7.0,-8468.0,False,2
12292,0,228,7.0,-8461.0,False,2
12296,0,235,0.0,-8461.0,False,2
12300,0,242,7.0,-8454.0,False,2
12304,0,249,7.0,-8447.0,False,2
12308,0,256,7.0,-8440.0,False,2
12312,0,263,7.0,-8433.0,False,2
12316,0,270,7.0,-8426.0,False,2
12320,0,277,7.0,-8419.0,False,2
12324,0,284,7.0,-8412.0,False,2
12328,0,291,0.0,-8412.0,False,2
12332,0,298,7.0,-8405.0,False,2
12336,0,305,7.0,-8398.0,False,2
12340,0,306,1.0,-8397.0,False,2
12344,0,306,0.0,-8397.0,False,2
12348,0,305,0.0,-8397.0,False,2
12352,0,301,0.0,-8397.0,False,2
12356,0,296,0.0,-8397.0,False,2
12360,0,289,0.0,-8397.0,False,2
12364,0,282,0.0,-8397.0,False,2
12368,0,275,0.0,-8397.0,False,2
12372,0,269,0.0,-8397.0,False,2
12376,0,266,0.0,-8397.0,False,2
12380,0,265,0.0,-8397.0,False,2
12384,0,267,0.0,-8397.0,False,2
12388,0,270,0.0,-8397.0,False,2
12392,0,275,0.0,-8397.0,False,2
12396,0,282,7.0,-8390.0,False,2
12400,0,290,8.0,-8382.0,False,2
12404,0,300,10.0,-8372.0,False,2
12408,0,312,12.0,-8360.0,False,2
12412,0,324,12.0,-8348.0,False,2
12416,0,336,12.0,-8336.0,False,2
12420,0,348,12.0,-8324.0,False,2
12424,0,360,0.0,-8324.0,False,2
12428,0,372,12.0,-8312.0,False,2
12432,0,384,12.0,-8300.0,False,2
12436,0,396,12.0,-8288.0,False,2
12440,0,405,9.0,-8279.0,False,2
12444,0,414,9.0,-8270.0,False,2
12448,0,421,7.0,-8263.0,False,2
12452,0,428,7.0,-8256.0,False,2
12456,0,434,0.0,-8256.0,False,2
12460,0,434,0.0,-8256.0,False,2
12464,0,434,0.0,-8256.0,False,2
12468,0,434,0.0,-8256.0,False,2
12472,0,434,0.0,-8256.0,False,2
12476,0,434,0.0,-8256.0,False,2
12480,0,434,0.0,-8256.0,False,2
12484,0,434,0.0,-8256.0,False,2
12488,0,433,0.0,-8256.0,False,2
12492,0,430,0.0,-8256.0,False,2
12496,0,426,0.0,-8256.0,False,2
12500,0,419,0.0,-8256.0,False,2
12504,0,411,0.0,-8256.0,False,2
12508,0,402,0.0,-8256.0,False,2
12512,0,390,0.0,-8256.0,False,2
12516,0,378,0.0,-8256.0,False,2
12520,0,366,0.0,-8256.0,False,2
12524,0,354,0.0,-8256.0,False,2
12528,0,342,0.0,-8256.0,False,2
12532,0,330,0.0,-8256.0,False,2
12536,0,323,0.0,-8256.0,False,2
12540,0,323,0.0,-8256.0,False,2
12544,0,323,0.0,-8256.0,False,2
12548,0,323,0.0,-8256.0,False,2
12552,0,323,0.0,-8256.0,False,2
12556,0,323,0.0,-8256.0,False,2
12560,0,323,0.0,-8256.0,False,2
12564,0,323,0.0,-8256.0,False,2
12568,0,323,0.0,-8256.0,False,2
12572,0,323,0.0,-8256.0,False,2
12576,0,323,0.0,-8256.0,False,2
12580,0,323,0.0,-8256.0,False,2
12584,0,323,0.0,-8256.0,False,2
12588,0,323,0.0,-8256.0,False,2
12592,0,323,0.0,-8256.0,False,2
12596,0,323,0.0,-8256.0,False,2
12600,0,323,0.0,-8256.0,False,2
12604,0,323,0.0,-8256.0,False,2
12608,0,323,0.0,-8256.0,False,2
12612,0,323,0.0,-8256.0,False,2
12616,0,323,0.0,-8256.0,False,2
12620,0,323,0.0,-8256.0,False,2
12624,0,323,0.0,-8256.0,False,2
12628,0,323,0.0,-8256.0,False,2
12632,0,323,0.0,-8256.0,False,2
12636,0,323,0.0,-8256.0,False,2
12640,0,323,0.0,-8256.0,False,2
12644,0,323,0.0,-8256.0,False,2
12648,0,325,0.0,-8256.0,False,2
12652,0,328,3.0,-8253.0,False,2
12656,0,332,4.0,-8249.0,False,2
12660,0,339,7.0,-8242.0,False,2
12664,0,347,8.0,-8234.0,False,2
12668,0,357,10.0,-8224.0,False,2
12672,0,369,12.0,-8212.0,False,2
12676,0,381,12.0,-8200.0,False,2
12680,0,393,0.0,-8200.0,False,2
12684,0,405,12.0,-8188.0,False,2
12688,0,417,12.0,-8176.0,False,2
12692,0,429,12.0,-8164.0,False,2
12696,0,441,12.0,-8152.0,False,2
12700,0,453,12.0,-8140.0,False,2
12704,0,465,12.0,-8128.0,False,2
12708,0,477,12.0,-8116.0,False,2
12712,0,489,0.0,-8116.0,False,2
12716,0,501,12.0,-8104.0,False,2
12720,0,513,12.0,-8092.0,False,2
12724,0,525,12.0,-8080.0,False,2
12728,0,537,12.0,-8068.0,False,2
12732,0,549,12.0,-8056.0,False,2
12736,0,561,12.0,-8044.0,False,2
12740,0,573,12.0,-8032.0,False,2
12744,0,585,0.0,-8032.0,False,2
12748,0,596,11.0,-8021.0,False,2
12752,0,594,0.0,-8021.0,False,2
12756,0,594,0.0,-8021.0,False,2
12760,0,594,0.0,-8021.0,False,2
12764,0,594,0.0,-8021.0,False,2
12768,0,594,0.0,-8021.0,False,2
12772,0,594,0.0,-8021.0,False,2
12776,0,594,0.0,-8021.0,False,2
12780,0,596,2.0,-8019.0,False,2
12784,0,598,2.0,-8017.0,False,2
12788,0,601,3.0,-8014.0,False,2
12792,0,606,5.0,-8009.0,False,2
12796,0,611,5.0,-8004.0,False,2
12800,0,617,6.0,-7998.0,False,2
12804,0,624,7.0,-7991.0,False,2
12808,0,631,0.0,-7991.0,False,2
12812,0,638,7.0,-7984.0,False,2
12816,0,645,7.0,-7977.0,False,2
12820,0,652,7.0,-7970.0,False,2
12824,0,659,7.0,-7963.0,False,2
12828,0,666,7.0,-7956.0,False,2
12832,0,673,7.0,-7949.0,False,2
12836,0,680,7.0,-7942.0,False,2
12840,0,687,0.0,-7942.0,False,2
12844,0,694,7.0,-7935.0,False,2
12848,0,698,4.0,-7931.0,False,2
12852,0,698,0.0,-7931.0,False,2
12856,0,698,0.0,-7931.0,False,2
12860,0,698,0.0,-7931.0,False,2
12864,0,698,0.0,-7931.0,False,2
12868,0,698,0.0,-7931.0,False,2
12872,0,698,0.0,-7931.0,False,2
12876,0,698,0.0,-7931.0,False,2
12880,0,698,0.0,-7931.0,False,2
12884,0,698,0.0,-7931.0,False,2
12888,0,698,0.0,-7931.0,False,2
12892,0,698,0.0,-7931.0,False,2
12896,0,698,0.0,-7931.0,False,2
12900,0,698,0.0,-7931.0,False,2
12904,0,698,0.0,-7931.0,False,2
12908,0,698,0.0,-7931.0,False,2
12912,0,698,0.0,-7931.0,False,2
12916,0,698,0.0,-7931.0,False,2
12920,0,698,0.0,-7931.0,False,2
12924,0,698,0.0,-7931.0,False,2
12928,0,698,0.0,-7931.0,False,2
12932,0,698,0.0,-7931.0,False,2
12936,0,698,0.0,-7931.0,False,2
12940,0,698,0.0,-7931.0,False,2
12944,0,698,0.0,-7931.0,False,2
12948,0,698,0.0,-7931.0,False,2
12952,0,698,0.0,-7931.0,False,2
12956,0,698,0.0,-7931.0,False,2
12960,0,698,0.0,-7931.0,False,2
12964,0,698,0.0,-7931.0,False,2
12968,0,698,0.0,-7931.0,False,2
12972,0,698,0.0,-7931.0,False,2
12976,0,698,0.0,-7931.0,False,2
12980,0,698,0.0,-7931.0,False,2
12984,0,698,0.0,-7931.0,False,2
12988,0,698,0.0,-7931.0,False,2
12992,0,698,0.0,-7931.0,False,2
12996,0,698,0.0,-7931.0,False,2
13000,0,698,0.0,-7931.0,False,2
13004,0,698,0.0,-7931.0,False,2
13008,0,698,0.0,-7931.0,False,2
13012,0,698,0.0,-7931.0,False,2
13016,0,698,0.0,-7931.0,False,2
13020,0,698,0.0,-7931.0,False,2
13024,0,698,0.0,-7931.0,False,2
13028,0,698,-100.0,-8031.0,False,0
13032,0,0,0.0,-8031.0,False,0
13036,0,0,0.0,-8031.0,False,0
13040,0,0,0.0,-8031.0,False,0
13044,0,0,0.0,-8031.0,False,0
13048,0,0,0.0,-8031.0,False,0
13052,0,0,0.0,-8031.0,False,0
13056,0,40,0.0,-8031.0,False,2
13060,0,40,0.0,-8031.0,False,2
13064,0,40,0.0,-8031.0,False,2
13068,0,40,0.0,-8031.0,False,2
13072,0,40,0.0,-8031.0,False,2
13076,0,40,0.0,-8031.0,False,2
13080,0,40,0.0,-8031.0,False,2
13084,0,40,0.0,-8031.0,False,2
13088,0,40,0.0,-8031.0,False,2
13092,0,40,0.0,-8031.0,False,2
13096,0,40,0.0,-8031.0,False,2
13100,0,40,0.0,-8031.0,False,2
13104,0,40,0.0,-8031.0,False,2
13108,0,40,0.0,-8031.0,False,2
13112,0,40,0.0,-8031.0,False,2
13116,0,40,0.0,-8031.0,False,2
13120,0,40,0.0,-8031.0,False,2
13124,0,40,0.0,-8031.0,False,2
13128,0,40,0.0,-8031.0,False,2
13132,0,40,0.0,-8031.0,False,2
13136,0,40,0.0,-8031.0,False,2
13140,0,40,0.0,-8031.0,False,2
13144,0,40,0.0,-8031.0,False,2
13148,0,40,0.0,-8031.0,False,2
13152,0,40,0.0,-8031.0,False,2
13156,0,40,0.0,-8031.0,False,2
13160,0,40,0.0,-8031.0,False,2
13164,0,40,0.0,-8031.0,False,2
13168,0,40,0.0,-8031.0,False,2
13172,0,40,0.0,-8031.0,False,2
13176,0,40,0.0,-8031.0,False,2
13180,0,40,0.0,-8031.0,False,2
13184,0,40,0.0,-8031.0,False,2
13188,0,40,0.0,-8031.0,False,2
13192,0,40,0.0,-8031.0,False,2
13196,0,40,0.0,-8031.0,False,2
13200,0,40,0.0,-8031.0,False,2
13204,0,40,0.0,-8031.0,False,2
13208,0,40,0.0,-8031.0,False,2
13212,0,40,0.0,-8031.0,False,2
13216,0,40,0.0,-8031.0,False,2
13220,0,40,0.0,-8031.0,False,2
13224,0,40,0.0,-8031.0,False,2
13228,0,40,0.0,-8031.0,False,2
13232,0,40,0.0,-8031.0,False,2
13236,0,40,0.0,-8031.0,False,2
13240,0,40,0.0,-8031.0,False,2
13244,0,40,0.0,-8031.0,False,2
13248,0,40,0.0,-8031.0,False,2
13252,0,40,0.0,-8031.0,False,2
13256,0,40,0.0,-8031.0,False,2
13260,0,40,0.0,-8031.0,False,2
13264,0,40,0.0,-8031.0,False,2
13268,0,40,0.0,-8031.0,False,2
13272,0,40,0.0,-8031.0,False,2
13276,0,40,0.0,-8031.0,False,2
13280,0,40,0.0,-8031.0,False,2
13284,0,40,0.0,-8031.0,False,2
13288,0,40,0.0,-8031.0,False,2
13292,0,40,0.0,-8031.0,False,2
13296,0,40,0.0,-8031.0,False,2
13300,0,40,0.0,-8031.0,False,2
13304,0,40,0.0,-8031.0,False,2
13308,0,40,0.0,-8031.0,False,2
13312,0,40,0.0,-8031.0,False,2
13316,0,40,0.0,-8031.0,False,2
13320,0,40,0.0,-8031.0,False,2
13324,0,40,0.0,-8031.0,False,2
13328,0,40,0.0,-8031.0,False,2
13332,0,40,0.0,-8031.0,False,2
13336,0,40,0.0,-8031.0,False,2
13340,0,40,0.0,-8031.0,False,2
13344,0,40,0.0,-8031.0,False,2
13348,0,40,0.0,-8031.0,False,2
13352,0,40,0.0,-8031.0,False,2
13356,0,40,0.0,-8031.0,False,2
13360,0,40,0.0,-8031.0,False,2
13364,0,40,0.0,-8031.0,False,2
13368,0,40,0.0,-8031.0,False,2
13372,0,40,0.0,-8031.0,False,2
13376,0,40,0.0,-8031.0,False,2
13380,0,40,0.0,-8031.0,False,2
13384,0,40,0.0,-8031.0,False,2
13388,0,40,0.0,-8031.0,False,2
13392,0,40,0.0,-8031.0,False,2
13396,0,40,0.0,-8031.0,False,2
13400,0,40,0.0,-8031.0,False,2
13404,0,40,0.0,-8031.0,False,2
13408,0,40,0.0,-8031.0,False,2
13412,0,40,0.0,-8031.0,False,2
13416,0,40,0.0,-8031.0,False,2
13420,0,40,0.0,-8031.0,False,2
13424,0,40,0.0,-8031.0,False,2
13428,0,40,0.0,-8031.0,False,2
13432,0,40,0.0,-8031.0,False,2
13436,0,40,0.0,-8031.0,False,2
13440,0,40,0.0,-8031.0,False,2
13444,0,40,0.0,-8031.0,False,2
13448,0,40,0.0,-8031.0,False,2
13452,0,40,0.0,-8031.0,False,2
13456,0,40,0.0,-8031.0,False,2
13460,0,41,1.0,-8030.0,False,2
13464,0,44,3.0,-8027.0,False,2
13468,0,47,3.0,-8024.0,False,2
13472,0,51,4.0,-8020.0,False,2
13476,0,57,6.0,-8014.0,False,2
13480,0,63,6.0,-8008.0,False,2
13484,0,70,7.0,-8001.0,False,2
13488,0,77,7.0,-7994.0,False,2
13492,0,84,7.0,-7987.0,False,2
13496,0,91,7.0,-7980.0,False,2
13500,0,98,7.0,-7973.0,False,2
13504,0,105,7.0,-7966.0,False,2
13508,0,112,7.0,-7959.0,False,2
13512,0,119,0.0,-7959.0,False,2
13516,0,126,7.0,-7952.0,False,2
13520,0,133,7.0,-7945.0,False,2
13524,0,140,7.0,-7938.0,False,2
13528,0,147,7.0,-7931.0,False,2
13532,0,154,7.0,-7924.0,False,2
13536,0,161,7.0,-7917.0,False,2
13540,0,168,7.0,-7910.0,False,2
13544,0,175,0.0,-7910.0,False,2
13548,0,182,7.0,-7903.0,False,2
13552,0,189,7.0,-7896.0,False,2
13556,0,196,7.0,-7889.0,False,2
13560,0,203,7.0,-7882.0,False,2
13564,0,210,7.0,-7875.0,False,2
13568,0,217,7.0,-7868.0,False,2
13572,0,224,7.0,-7861.0,False,2
13576,0,231,0.0,-7861.0,False,2
13580,0,238,7.0,-7854.0,False,2
13584,0,245,7.0,-7847.0,False,2
13588,0,252,7.0,-7840.0,False,2
13592,0,259,7.0,-7833.0,False,2
13596,0,266,7.0,-7826.0,False,2
13600,0,273,7.0,-7819.0,False,2
13604,0,280,7.0,-7812.0,False,2
13608,0,287,0.0,-7812.0,False,2
13612,0,294,7.0,-7805.0,False,2
13616,0,301,7.0,-7798.0,False,2
13620,0,307,6.0,-7792.0,False,2
13624,0,306,0.0,-7792.0,False,2
13628,0,306,0.0,-7792.0,False,2
13632,0,303,0.0,-7792.0,False,2
13636,0,299,0.0,-7792.0,False,2
13640,0,292,0.0,-7792.0,False,2
13644,0,285,0.0,-7792.0,False,2
13648,0,278,0.0,-7792.0,False,2
13652,0,272,0.0,-7792.0,False,2
13656,0,268,0.0,-7792.0,False,2
13660,0,265,0.0,-7792.0,False,2
13664,0,266,0.0,-7792.0,False,2
13668,0,268,0.0,-7792.0,False,2
13672,0,272,0.0,-7792.0,False,2
13676,0,278,6.0,-7786.0,False,2
13680,0,286,8.0,-7778.0,False,2
13684,0,295,9.0,-7769.0,False,2
13688,0,306,11.0,-7758.0,False,2
13692,0,318,12.0,-7746.0,False,2
13696,0,330,12.0,-7734.0,False,2
13700,0,342,12.0,-7722.0,False,2
13704,0,354,0.0,-7722.0,False,2
13708,0,366,12.0,-7710.0,False,2
13712,0,378,12.0,-7698.0,False,2
13716,0,390,12.0,-7686.0,False,2
13720,0,401,11.0,-7675.0,False,2
13724,0,410,9.0,-7666.0,False,2
13728,0,417,7.0,-7659.0,False,2
13732,0,424,7.0,-7652.0,False,2
13736,0,431,0.0,-7652.0,False,2
13740,0,434,3.0,-7649.0,False,2
13744,0,434,0.0,-7649.0,False,2
13748,0,434,0.0,-7649.0,False,2
13752,0,434,0.0,-7649.0,False,2
13756,0,434,0.0,-7649.0,False,2
13760,0,434,0.0,-7649.0,False,2
13764,0,434,0.0,-7649.0,False,2
13768,0,434,0.0,-7649.0,False,2
13772,0,432,0.0,-7649.0,False,2
13776,0,428,0.0,-7649.0,False,2
13780,0,423,0.0,-7649.0,False,2
13784,0,416,0.0,-7649.0,False,2
13788,0,407,0.0,-7649.0,False,2
13792,0,396,0.0,-7649.0,False,2
13796,0,384,0.0,-7649.0,False,2
13800,0,372,0.0,-7649.0,False,2
13804,0,360,0.0,-7649.0,False,2
13808,0,348,0.0,-7649.0,False,2
13812,0,336,0.0,-7649.0,False,2
13816,0,324,0.0,-7649.0,False,2
13820,0,323,0.0,-7649.0,False,2
13824,0,323,0.0,-7649.0,False,2
13828,0,323,0.0,-7649.0,False,2
13832,0,323,0.0,-7649.0,False,2
13836,0,323,0.0,-7649.0,False,2
13840,0,323,0.0,-7649.0,False,2
13844,0,323,0.0,-7649.0,False,2
13848,0,323,0.0,-7649.0,False,2
13852,0,323,0.0,-7649.0,False,2
13856,0,323,0.0,-7649.0,False,2
13860,0,323,0.0,-7649.0,False,2
13864,0,323,0.0,-7649.0,False,2
13868,0,323,0.0,-7649.0,False,2
13872,0,323,0.0,-7649.0,False,2
13876,0,323,0.0,-7649.0,False,2
13880,0,323,0.0,-7649.0,False,2
13884,0,323,0.0,-7649.0,False,2
13888,0,323,0.0,-7649.0,False,2
13892,0,323,0.0,-7649.0,False,2
13896,0,323,0.0,-7649.0,False,2
13900,0,323,0.0,-7649.0,False,2
13904,0,323,0.0,-7649.0,False,2
13908,0,323,0.0,-7649.0,False,2
13912,0,323,0.0,-7649.0,False,2
13916,0,323,0.0,-7649.0,False,2
13920,0,323,0.0,-7649.0,False,2
13924,0,323,0.0,-7649.0,False,2
13928,0,324,0.0,-7649.0,False,2
13932,0,326,2.0,-7647.0,False,2
13936,0,330,4.0,-7643.0,False,2
13940,0,335,5.0,-7638.0,False,2
13944,0,343,8.0,-7630.0,False,2
13948,0,352,9.0,-7621.0,False,2
13952,0,363,11.0,-7610.0,False,2
13956,0,375,12.0,-7598.0,False,2
13960,0,387,0.0,-7598.0,False,2
13964,0,399,12.0,-7586.0,False,2
13968,0,411,12.0,-7574.0,False,2
13972,0,423,12.0,-7562.0,False,2
13976,0,435,12.0,-7550.0,False,2
13980,0,447,12.0,-7538.0,False,2
13984,0,459,12.0,-7526.0,False,2
13988,0,471,12.0,-7514.0,False,2
13992,0,483,0.0,-7514.0,False,2
13996,0,495,12.0,-7502.0,False,2
14000,0,507,12.0,-7490.0,False,2
14004,0,519,12.0,-7478.0,False,2
14008,0,531,12.0,-7466.0,False,2
14012,0,543,12.0,-7454.0,False,2
14016,0,555,12.0,-7442.0,False,2
14020,0,567,12.0,-7430.0,False,2
14024,0,579,0.0,-7430.0,False,2
14028,0,591,12.0,-7418.0,False,2
14032,0,594,3.0,-7415.0,False,2
14036,0,594,0.0,-7415.0,False,2
14040,0,594,0.0,-7415.0,False,2
14044,0,594,0.0,-7415.0,False,2
14048,0,594,0.0,-7415.0,False,2
14052,0,594,0.0,-7415.0,False,2
14056,0,594,0.0,-7415.0,False,2
14060,0,595,1.0,-7414.0,False,2
14064,0,597,2.0,-7412.0,False,2
14068,0,600,3.0,-7409.0,False,2
14072,0,603,3.0,-7406.0,False,2
14076,0,608,5.0,-7401.0,False,2
14080,0,614,6.0,-7395.0,False,2
14084,0,621,7.0,-7388.0,False,2
14088,0,628,0.0,-7388.0,False,2
14092,0,635,7.0,-7381.0,False,2
14096,0,642,7.0,-7374.0,False,2
14100,0,649,7.0,-7367.0,False,2
14104,0,656,7.0,-7360.0,False,2
14108,0,663,7.0,-7353.0,False,2
14112,0,670,7.0,-7346.0,False,2
14116,0,677,7.0,-7339.0,False,2
14120,0,684,0.0,-7339.0,False,2
14124,0,691,7.0,-7332.0,False,2
14128,0,698,7.0,-7325.0,False,2
14132,0,698,0.0,-7325.0,False,2
14136,0,698,0.0,-7325.0,False,2
14140,0,698,0.0,-7325.0,False,2
14144,0,698,0.0,-7325.0,False,2
14148,0,698,0.0,-7325.0,False,2
14152,0,698,0.0,-7325.0,False,2
14156,0,698,0.0,-7325.0,False,2
14160,0,698,0.0,-7325.0,False,2
14164,0,698,0.0,-7325.0,False,2
14168,0,698,0.0,-7325.0,False,2
14172,0,698,0.0,-7325.0,False,2
14176,0,698,0.0,-7325.0,False,2
14180,0,698,0.0,-7325.0,False,2
14184,0,698,0.0,-7325.0,False,2
14188,0,698,0.0,-7325.0,False,2
14192,0,698,0.0,-7325.0,False,2
14196,0,698,0.0,-7325.0,False,2
14200,0,698,0.0,-7325.0,False,2
14204,0,698,0.0,-7325.0,False,2
14208,0,698,0.0,-7325.0,False,2
14212,0,698,0.0,-7325.0,False,2
14216,0,698,0.0,-7325.0,False,2
14220,0,698,0.0,-7325.0,False,2
14224,0,698,0.0,-7325.0,False,2
14228,0,698,0.0,-7325.0,False,2
14232,0,698,0.0,-7325.0,False,2
14236,0,698,0.0,-7325.0,False,2
14240,0,698,0.0,-7325.0,False,2
14244,0,698,0.0,-7325.0,False,2
14248,0,698,0.0,-7325.0,False,2
14252,0,698,0.0,-7325.0,False,2
14256,0,698,0.0,-7325.0,False,2
14260,0,698,0.0,-7325.0,False,2
14264,0,698,0.0,-7325.0,False,2
14268,0,698,0.0,-7325.0,False,2
14272,0,698,0.0,-7325.0,False,2
14276,0,698,0.0,-7325.0,False,2
14280,0,698,0.0,-7325.0,False,2
14284,0,698,0.0,-7325.0,False,2
14288,0,698,0.0,-7325.0,False,2
14292,0,698,0.0,-7325.0,False,2
14296,0,698,0.0,-7325.0,False,2
14300,0,698,0.0,-7325.0,False,2
14304,0,698,0.0,-7325.0,False,2
14308,0,698,0.0,-7325.0,False,2
14312,0,0,-100.0,-7425.0,False,0
14316,0,0,0.0,-7425.0,False,0
14320,0,0,0.0,-7425.0,False,0
14324,0,0,0.0,-7425.0,False,0
14328,0,0,0.0,-7425.0,False,0
14332,0,0,0.0,-7425.0,False,0
14336,0,0,0.0,-7425.0,False,0
14340,0,40,0.0,-7425.0,False,2
14344,0,40,0.0,-7425.0,False,2
14348,0,40,0.0,-7425.0,False,2
14352,0,40,0.0,-7425.0,False,2
14356,0,40,0.0,-7425.0,False,2
14360,0,40,0.0,-7425.0,False,2
14364,0,40,0.0,-7425.0,False,2
14368,0,40,0.0,-7425.0,False,2
14372,0,40,0.0,-7425.0,False,2
14376,0,40,0.0,-7425.0,False,2
14380,0,40,0.0,-7425.0,False,2
14384,0,40,0.0,-7425.0,False,2
14388,0,40,0.0,-7425.0,False,2
14392,0,40,0.0,-7425.0,False,2
14396,0,40,0.0,-7425.0,False,2
14400,0,40,0.0,-7425.0,False,2
14404,0,40,0.0,-7425.0,False,2
14408,0,40,0.0,-7425.0,False,2
14412,0,40,0.0,-7425.0,False,2
14416,0,40,0.0,-7425.0,False,2
14420,0,40,0.0,-7425.0,False,2
14424,0,40,0.0,-7425.0,False,2
14428,0,40,0.0,-7425.0,False,2
14432,0,40,0.0,-7425.0,False,2
14436,0,40,0.0,-7425.0,False,2
14440,0,40,0.0,-7425.0,False,2
14444,0,40,0.0,-7425.0,False,2
14448,0,40,0.0,-7425.0,False,2
14452,0,40,0.0,-7425.0,False,2
14456,0,40,0.0,-7425.0,False,2
14460,0,40,0.0,-7425.0,False,2
14464,0,40,0.0,-7425.0,False,2
14468,0,40,0.0,-7425.0,False,2
14472,0,40,0.0,-7425.0,False,2
14476,0,40,0.0,-7425.0,False,2
14480,0,40,0.0,-7425.0,False,2
14484,0,40,0.0,-7425.0,False,2
14488,0,40,0.0,-7425.0,False,2
14492,0,40,0.0,-7425.0,False,2
14496,0,40,0.0,-7425.0,False,2
14500,0,40,0.0,-7425.0,False,2
14504,0,40,0.0,-7425.0,False,2
14508,0,40,0.0,-7425.0,False,2
14512,0,40,0.0,-7425.0,False,2
14516,0,40,0.0,-7425.0,False,2
14520,0,40,0.0,-7425.0,False,2
14524,0,40,0.0,-7425.0,False,2
14528,0,40,0.0,-7425.0,False,2
14532,0,40,0.0,-7425.0,False,2
14536,0,40,0.0,-7425.0,False,2
14540,0,40,0.0,-7425.0,False,2
14544,0,40,0.0,-7425.0,False,2
14548,0,40,0.0,-7425.0,False,2
14552,0,40,0.0,-7425.0,False,2
14556,0,40,0.0,-7425.0,False,2
14560,0,40,0.0,-7425.0,False,2
14564,0,40,0.0,-7425.0,False,2
14568,0,40,0.0,-7425.0,False,2
14572,0,40,0.0,-7425.0,False,2
14576,0,40,0.0,-7425.0,False,2
14580,0,40,0.0,-7425.0,False,2
14584,0,40,0.0,-7425.0,False,2
14588,0,40,0.0,-7425.0,False,2
14592,0,40,0.0,-7425.0,False,2
14596,0,40,0.0,-7425.0,False,2
14600,0,40,0.0,-7425.0,False,2
14604,0,40,0.0,-7425.0,False,2
14608,0,40,0.0,-7425.0,False,2
14612,0,40,0.0,-7425.0,False,2
14616,0,40,0.0,-7425.0,False,2
14620,0,40,0.0,-7425.0,False,2
14624,0,40,0.0,-7425.0,False,2
14628,0,40,0.0,-7425.0,False,2
14632,0,40,0.0,-7425.0,False,2
14636,0,40,0.0,-7425.0,False,2
14640,0,40,0.0,-7425.0,False,2
14644,0,40,0.0,-7425.0,False,2
14648,0,40,0.0,-7425.0,False,2
14652,0,40,0.0,-7425.0,False,2
14656,0,40,0.0,-7425.0,False,2
14660,0,40,0.0,-7425.0,False,2
14664,0,40,0.0,-7425.0,False,2
14668,0,40,0.0,-7425.0,False,2
14672,0,40,0.0,-7425.0,False,2
14676,0,40,0.0,-7425.0,False,2
14680,0,40,0.0,-7425.0,False,2
14684,0,40,0.0,-7425.0,False,2
14688,0,40,0.0,-7425.0,False,2
14692,0,40,0.0,-7425.0,False,2
14696,0,40,0.0,-7425.0,False,2
14700,0,40,0.0,-7425.0,False,2
14704,0,40,0.0,-7425.0,False,2
14708,0,40,0.0,-7425.0,False,2
14712,0,40,0.0,-7425.0,False,2
14716,0,40,0.0,-7425.0,False,2
14720,0,40,0.0,-7425.0,False,2
14724,0,40,0.0,-7425.0,False,2
14728,0,40,0.0,-7425.0,False,2
14732,0,40,0.0,-7425.0,False,2
14736,0,40,0.0,-7425.0,False,2
14740,0,40,0.0,-7425.0,False,2
14744,0,42,2.0,-7423.0,False,2
14748,0,45,3.0,-7420.0,False,2
14752,0,49,4.0,-7416.0,False,2
14756,0,54,5.0,-7411.0,False,2
14760,0,60,6.0,-7405.0,False,2
14764,0,67,7.0,-7398.0,False,2
14768,0,74,7.0,-7391.0,False,2
14772,0,81,7.0,-7384.0,False,2
14776,0,88,7.0,-7377.0,False,2
14780,0,95,7.0,-7370.0,False,2
14784,0,102,7.0,-7363.0,False,2
14788,0,109,7.0,-7356.0,False,2
14792,0,116,7.0,-7349.0,False,2
14796,0,123,0.0,-7349.0,False,2
14800,0,130,7.0,-7342.0,False,2
14804,0,137,7.0,-7335.0,False,2
14808,0,144,7.0,-7328.0,False,2
14812,0,151,7.0,-7321.0,False,2
14816,0,158,7.0,-7314.0,False,2
14820,0,165,7.0,-7307.0,False,2
14824,0,172,7.0,-7300.0,False,2
14828,0,179,0.0,-7300.0,False,2
14832,0,186,7.0,-7293.0,False,2
14836,0,193,7.0,-7286.0,False,2
14840,0,200,7.0,-7279.0,False,2
14844,0,207,7.0,-7272.0,False,2
14848,0,214,7.0,-7265.0,False,2
14852,0,221,7.0,-7258.0,False,2
14856,0,228,7.0,-7251.0,False,2
14860,0,235,0.0,-7251.0,False,2
14864,0,242,7.0,-7244.0,False,2
14868,0,249,7.0,-7237.0,False,2
14872,0,256,7.0,-7230.0,False,2
14876,0,263,7.0,-7223.0,False,2
14880,0,270,7.0,-7216.0,False,2
14884,0,277,7.0,-7209.0,False,2
14888,0,284,7.0,-7202.0,False,2
14892,0,291,0.0,-7202.0,False,2
14896,0,298,7.0,-7195.0,False,2
14900,0,305,7.0,-7188.0,False,2
14904,0,306,1.0,-7187.0,False,2
14908,0,306,0.0,-7187.0,False,2
14912,0,305,0.0,-7187.0,False,2
14916,0,301,0.0,-7187.0,False,2
14920,0,296,0.0,-7187.0,False,2
14924,0,289,0.0,-7187.0,False,2
14928,0,282,0.0,-7187.0,False,2
14932,0,275,0.0,-7187.0,False,2
14936,0,269,0.0,-7187.0,False,2
14940,0,266,0.0,-7187.0,False,2
14944,0,265,0.0,-7187.0,False,2
14948,0,267,0.0,-7187.0,False,2
14952,0,270,0.0,-7187.0,False,2
14956,0,275,0.0,-7187.0,False,2
14960,0,282,7.0,-7180.0,False,2
14964,0,290,8.0,-7172.0,False,2
14968,0,300,10.0,-7162.0,False,2
14972,0,312,12.0,-7150.0,False,2
14976,0,324,12.0,-7138.0,False,2
14980,0,336,12.0,-7126.0,False,2
14984,0,348,12.0,-7114.0,False,2
14988,0,360,0.0,-7114.0,False,2
14992,0,372,12.0,-7102.0,False,2
14996,0,384,12.0,-7090.0,False,2
15000,0,396,12.0,-7078.0,False,2
15004,0,405,9.0,-7069.0,False,2
15008,0,414,9.0,-7060.0,False,2
15012,0,421,7.0,-7053.0,False,2
15016,0,428,7.0,-7046.0,False,2
15020,0,434,0.0,-7046.0,False,2
15024,0,434,0.0,-7046.0,False,2
15028,0,434,0.0,-7046.0,False,2
15032,0,434,0.0,-7046.0,False,2
15036,0,434,0.0,-7046.0,False,2
15040,0,434,0.0,-7046.0,False,2
15044,0,434,0.0,-7046.0,False,2
15048,0,434,0.0,-7046.0,False,2
15052,0,433,0.0,-7046.0,False,2
15056,0,430,0.0,-7046.0,False,2
15060,0,426,0.0,-7046.0,False,2
15064,0,419,0.0,-7046.0,False,2
15068,0,411,0.0,-7046.0,False,2
15072,0,402,0.0,-7046.0,False,2
15076,0,390,0.0,-7046.0,False,2
15080,0,378,0.0,-7046.0,False,2
15084,0,366,0.0,-7046.0,False,2
15088,0,354,0.0,-7046.0,False,2
15092,0,342,0.0,-7046.0,False,2
15096,0,330,0.0,-7046.0,False,2
15100,0,323,0.0,-7046.0,False,2
15104,0,323,0.0,-7046.0,False,2
15108,0,323,0.0,-7046.0,False,2
15112,0,323,0.0,-7046.0,False,2
15116,0,323,0.0,-7046.0,False,2
15120,0,323,0.0,-7046.0,False,2
15124,0,323,0.0,-7046.0,False,2
15128,0,323,0.0,-7046.0,False,2
15132,0,323,0.0,-7046.0,False,2
15136,0,323,0.0,-7046.0,False,2
15140,0,323,0.0,-7046.0,False,2
15144,0,323,0.0,-7046.0,False,2
15148,0,323,0.0,-7046.0,False,2
15152,0,323,0.0,-7046.0,False,2
15156,0,323,0.0,-7046.0,False,2
15160,0,323,0.0,-7046.0,False,2
15164,0,323,0.0,-7046.0,False,2
15168,0,323,0.0,-7046.0,False,2
15172,0,323,0.0,-7046.0,False,2
15176,0,323,0.0,-7046.0,False,2
15180,0,323,0.0,-7046.0,False,2
15184,0,323,0.0,-7046.0,False,2
15188,0,323,0.0,-7046.0,False,2
15192,0,323,0.0,-7046.0,False,2
15196,0,323,0.0,-7046.0,False,2
15200,0,323,0.0,-7046.0,False,2
15204,0,323,0.0,-7046.0,False,2
15208,0,323,0.0,-7046.0,False,2
15212,0,325,0.0,-7046.0,False,2
15216,0,328,3.0,-7043.0,False,2
15220,0,332,4.0,-7039.0,False,2
15224,0,339,7.0,-7032.0,False,2
15228,0,347,8.0,-7024.0,False,2
15232,0,357,10.0,-7014.0,False,2
15236,0,369,12.0,-7002.0,False,2
15240,0,381,12.0,-6990.0,False,2
15244,0,393,0.0,-6990.0,False,2
15248,0,405,12.0,-6978.0,False,2
15252,0,417,12.0,-6966.0,False,2
15256,0,429,12.0,-6954.0,False,2
15260,0,441,12.0,-6942.0,False,2
15264,0,453,12.0,-6930.0,False,2
15268,0,465,12.0,-6918.0,False,2
15272,0,477,12.0,-6906.0,False,2
15276,0,489,0.0,-6906.0,False,2
15280,0,501,12.0,-6894.0,False,2
15284,0,513,12.0,-6882.0,False,2
15288,0,525,12.0,-6870.0,False,2
15292,0,537,12.0,-6858.0,False,2
15296,0,549,12.0,-6846.0,False,2
15300,0,561,12.0,-6834.0,False,2
15304,0,573,12.0,-6822.0,False,2
15308,0,585,0.0,-6822.0,False,2
15312,0,596,11.0,-6811.0,False,2
15316,0,594,0.0,-6811.0,False,2
15320,0,594,0.0,-6811.0,False,2
15324,0,594,0.0,-6811.0,False,2
15328,0,594,0.0,-6811.0,False,2
15332,0,594,0.0,-6811.0,False,2
15336,0,594,0.0,-6811.0,False,2
15340,0,594,0.0,-6811.0,False,2
15344,0,596,2.0,-6809.0,False,2
15348,0,598,2.0,-6807.0,False,2
15352,0,601,3.0,-6804.0,False,2
15356,0,606,5.0,-6799.0,False,2
15360,0,611,5.0,-6794.0,False,2
15364,0,617,6.0,-6788.0,False,2
15368,0,624,7.0,-6781.0,False,2
15372,0,631,0.0,-6781.0,False,2
15376,0,638,7.0,-6774.0,False,2
15380,0,645,7.0,-6767.0,False,2
15384,0,652,7.0,-6760.0,False,2
15388,0,659,7.0,-6753.0,False,2
15392,0,666,7.0,-6746.0,False,2
15396,0,673,7.0,-6739.0,False,2
15400,0,680,7.0,-6732.0,False,2
15404,0,687,0.0,-6732.0,False,2
15408,0,694,7.0,-6725.0,False,2
15412,0,698,4.0,-6721.0,False,2
15416,0,698,0.0,-6721.0,False,2
15420,0,698,0.0,-6721.0,False,2
15424,0,698,0.0,-6721.0,False,2
15428,0,698,0.0,-6721.0,False,2
15432,0,698,0.0,-6721.0,False,2
15436,0,698,0.0,-6721.0,False,2
15440,0,698,0.0,-6721.0,False,2
15444,0,698,0.0,-6721.0,False,2
15448,0,698,0.0,-6721.0,False,2
15452,0,698,0.0,-6721.0,False,2
15456,0,698,0.0,-6721.0,False,2
15460,0,698,0.0,-6721.0,False,2
15464,0,698,0.0,-6721.0,False,2
15468,0,698,0.0,-6721.0,False,2
15472,0,698,0.0,-6721.0,False,2
15476,0,698,0.0,-6721.0,False,2
15480,0,698,0.0,-6721.0,False,2
15484,0,698,0.0,-6721.0,False,2
15488,0,698,0.0,-6721.0,False,2
15492,0,698,0.0,-6721.0,False,2
15496,0,698,0.0,-6721.0,False,2
15500,0,698,0.0,-6721.0,False,2
15504,0,698,0.0,-6721.0,False,2
15508,0,698,0.0,-6721.0,False,2
15512,0,698,0.0,-6721.0,False,2
15516,0,698,0.0,-6721.0,False,2
15520,0,698,0.0,-6721.0,False,2
15524,0,698,0.0,-6721.0,False,2
15528,0,698,0.0,-6721.0,False,2
15532,0,698,0.0,-6721.0,False,2
15536,0,698,0.0,-6721.0,False,2
15540,0,698,0.0,-6721.0,False,2
15544,0,698,0.0,-6721.0,False,2
15548,0,698,0.0,-6721.0,False,2
15552,0,698,0.0,-6721.0,False,2
15556,0,698,0.0,-6721.0,False,2
15560,0,698,0.0,-6721.0,False,2
15564,0,698,0.0,-6721.0,False,2
15568,0,698,0.0,-6721.0,False,2
15572,0,698,0.0,-6721.0,False,2
15576,0,698,0.0,-6721.0,False,2
15580,0,698,0.0,-6721.0,False,2
15584,0,698,0.0,-6721.0,False,2
15588,0,698,0.0,-6721.0,False,2
15592,0,698,-100.0,-6821.0,False,0
15596,0,0,0.0,-6821.0,False,0
15600,0,0,0.0,-6821.0,False,0
15604,0,0,0.0,-6821.0,False,0
15608,0,0,0.0,-6821.0,False,0
15612,0,0,0.0,-6821.0,False,0
15616,0,0,0.0,-6821.0,False,0
15620,0,40,0.0,-6821.0,False,2
15624,0,40,0.0,-6821.0,False,2
15628,0,40,0.0,-6821.0,False,2
15632,0,40,0.0,-6821.0,False,2
15636,0,40,0.0,-6821.0,False,2
15640,0,40,0.0,-6821.0,False,2
15644,0,40,0.0,-6821.0,False,2
15648,0,40,0.0,-6821.0,False,2
15652,0,40,0.0,-6821.0,False,2
15656,0,40,0.0,-6821.0,False,2
15660,0,40,0.0,-6821.0,False,2
15664,0,40,0.0,-6821.0,False,2
15668,0,40,0.0,-6821.0,False,2
15672,0,40,0.0,-6821.0,False,2
15676,0,40,0.0,-6821.0,False,2
15680,0,40,0.0,-6821.0,False,2
15684,0,40,0.0,-6821.0,False,2
15688,0,40,0.0,-6821.0,False,2
15692,0,40,0.0,-6821.0,False,2
15696,0,40,0.0,-6821.0,False,2
15700,0,40,0.0,-6821.0,False,2
15704,0,40,0.0,-6821.0,False,2
15708,0,40,0.0,-6821.0,False,2
15712,0,40,0.0,-6821.0,False,2
15716,0,40,0.0,-6821.0,False,2
15720,0,40,0.0,-6821.0,False,2
15724,0,40,0.0,-6821.0,False,2
15728,0,40,0.0,-6821.0,False,2
15732,0,40,0.0,-6821.0,False,2
15736,0,40,0.0,-6821.0,False,2
15740,0,40,0.0,-6821.0,False,2
15744,0,40,0.0,-6821.0,False,2
15748,0,40,0.0,-6821.0,False,2
15752,0,40,0.0,-6821.0,False,2
15756,0,40,0.0,-6821.0,False,2
15760,0,40,0.0,-6821.0,False,2
15764,0,40,0.0,-6821.0,False,2
15768,0,40,0.0,-6821.0,False,2
15772,0,40,0.0,-6821.0,False,2
15776,0,40,0.0,-6821.0,False,2
15780,0,40,0.0,-6821.0,False,2
15784,0,40,0.0,-6821.0,False,2
15788,0,40,0.0,-6821.0,False,2
15792,0,40,0.0,-6821.0,False,2
15796,0,40,0.0,-6821.0,False,2
15800,0,40,0.0,-6821.0,False,2
15804,0,40,0.0,-6821.0,False,2
15808,0,40,0.0,-6821.0,False,2
15812,0,40,0.0,-6821.0,False,2
15816,0,40,0.0,-6821.0,False,2
15820,0,40,0.0,-6821.0,False,2
15824,0,40,0.0,-6821.0,False,2
15828,0,40,0.0,-6821.0,False,2
15832,0,40,0.0,-6821.0,False,2
15836,0,40,0.0,-6821.0,False,2
15840,0,40,0.0,-6821.0,False,2
15844,0,40,0.0,-6821.0,False,2
15848,0,40,0.0,-6821.0,False,2
15852,0,40,0.0,-6821.0,False,2
15856,0,40,0.0,-6821.0,False,2
15860,0,40,0.0,-6821.0,False,2
15864,0,40,0.0,-6821.0,False,2
15868,0,40,0.0,-6821.0,False,2
15872,0,40,0.0,-6821.0,False,2
15876,0,40,0.0,-6821.0,False,2
15880,0,40,0.0,-6821.0,False,2
15884,0,40,0.0,-6821.0,False,2
15888,0,40,0.0,-6821.0,False,2
15892,0,40,0.0,-6821.0,False,2
15896,0,40,0.0,-6821.0,False,2
15900,0,40,0.0,-6821.0,False,2
15904,0,40,0.0,-6821.0,False,2
15908,0,40,0.0,-6821.0,False,2
15912,0,40,0.0,-6821.0,False,2
15916,0,40,0.0,-6821.0,False,2
15920,0,40,0.0,-6821.0,False,2
15924,0,40,0.0,-6821.0,False,2
15928,0,40,0.0,-6821.0,False,2
15932,0,40,0.0,-6821.0,False,2
15936,0,40,0.0,-6821.0,False,2
15940,0,40,0.0,-6821.0,False,2
15944,0,40,0.0,-6821.0,False,2
15948,0,40,0.0,-6821.0,False,2
15952,0,40,0.0,-6821.0,False,2
15956,0,40,0.0,-6821.0,False,2
15960,0,40,0.0,-6821.0,False,2
15964,0,40,0.0,-6821.0,False,2
15968,0,40,0.0,-6821.0,False,2
15972,0,40,0.0,-6821.0,False,2
15976,0,40,0.0,-6821.0,False,2
15980,0,40,0.0,-6821.0,False,2
15984,0,40,0.0,-6821.0,False,2
15988,0,40,0.0,-6821.0,False,2
15992,0,40,0.0,-6821.0,False,2
15996,0,40,0.0,-6821.0,False,2
16000,0,40,0.0,-6821.0,False,2
16004,0,40,0.0,-6821.0,False,2
16008,0,40,0.0,-6821.0,False,2
16012,0,40,0.0,-6821.0,False,2
16016,0,40,0.0,-6821.0,False,2
16020,0,40,0.0,-6821.0,False,2
16024,0,41,1.0,-6820.0,False,2
16028,0,44,3.0,-6817.0,False,2
16032,0,47,3.0,-6814.0,False,2
16036,0,51,4.0,-6810.0,False,2
16040,0,57,6.0,-6804.0,False,2
16044,0,63,6.0,-6798.0,False,2
16048,0,70,7.0,-6791.0,False,2
16052,0,77,7.0,-6784.0,False,2
16056,0,84,7.0,-6777.0,False,2
16060,0,91,7.0,-6770.0,False,2
16064,0,98,7.0,-6763.0,False,2
16068,0,105,7.0,-6756.0,False,2
16072,0,112,7.0,-6749.0,False,2
16076,0,119,0.0,-6749.0,False,2
16080,0,126,7.0,-6742.0,False,2
16084,0,133,7.0,-6735.0,False,2
16088,0,140,7.0,-6728.0,False,2
16092,0,147,7.0,-6721.0,False,2
16096,0,154,7.0,-6714.0,False,2
16100,0,161,7.0,-6707.0,False,2
16104,0,168,7.0,-6700.0,False,2
16108,0,175,0.0,-6700.0,False,2
16112,0,182,7.0,-6693.0,False,2
16116,0,189,7.0,-6686.0,False,2
16120,0,196,7.0,-6679.0,False,2
16124,0,203,7.0,-6672.0,False,2
16128,0,210,7.0,-6665.0,False,2
16132,0,217,7.0,-6658.0,False,2
16136,0,224,7.0,-6651.0,False,2
16140,0,231,0.0,-6651.0,False,2
16144,0,238,7.0,-6644.0,False,2
16148,0,245,7.0,-6637.0,False,2
16152,0,252,7.0,-6630.0,False,2
16156,0,259,7.0,-6623.0,False,2
16160,0,266,7.0,-6616.0,False,2
16164,0,273,7.0,-6609.0,False,2
16168,0,280,7.0,-6602.0,False,2
16172,0,287,0.0,-6602.0,False,2
16176,0,294,7.0,-6595.0,False,2
16180,0,301,7.0,-6588.0,False,2
16184,0,307,6.0,-6582.0,False,2
16188,0,306,0.0,-6582.0,False,2
16192,0,306,0.0,-6582.0,False,2
16196,0,303,0.0,-6582.0,False,2
16200,0,299,0.0,-6582.0,False,2
16204,0,292,0.0,-6582.0,False,2
16208,0,285,0.0,-6582.0,False,2
16212,0,278,0.0,-6582.0,False,2
16216,0,272,0.0,-6582.0,False,2
16220,0,268,0.0,-6582.0,False,2
16224,0,265,0.0,-6582.0,False,2
16228,0,266,0.0,-6582.0,False,2
16232,0,268,0.0,-6582.0,False,2
16236,0,272,0.0,-6582.0,False,2
16240,0,278,6.0,-6576.0,False,2
16244,0,286,8.0,-6568.0,False,2
16248,0,295,9.0,-6559.0,False,2
16252,0,306,11.0,-6548.0,False,2
16256,0,318,12.0,-6536.0,False,2
16260,0,330,12.0,-6524.0,False,2
16264,0,342,12.0,-6512.0,False,2
16268,0,354,0.0,-6512.0,False,2
16272,0,366,12.0,-6500.0,False,2
16276,0,378,12.0,-6488.0,False,2
16280,0,390,12.0,-6476.0,False,2
16284,0,401,11.0,-6465.0,False,2
16288,0,410,9.0,-6456.0,False,2
16292,0,417,7.0,-6449.0,False,2
16296,0,424,7.0,-6442.0,False,2
16300,0,431,0.0,-6442.0,False,2
16304,0,434,3.0,-6439.0,False,2
16308,0,434,0.0,-6439.0,False,2
16312,0,434,0.0,-6439.0,False,2
16316,0,434,0.0,-6439.0,False,2
16320,0,434,0.0,-6439.0,False,2
16324,0,434,0.0,-6439.0,False,2
16328,0,434,0.0,-6439.0,False,2
16332,0,434,0.0,-6439.0,False,2
16336,0,432,0.0,-6439.0,False,2
16340,0,428,0.0,-6439.0,False,2
16344,0,423,0.0,-6439.0,False,2
16348,0,416,0.0,-6439.0,False,2
16352,0,407,0.0,-6439.0,False,2
16356,0,396,0.0,-6439.0,False,2
16360,0,384,0.0,-6439.0,False,2
16364,0,372,0.0,-6439.0,False,2
16368,0,360,0.0,-6439.0,False,2
16372,0,348,0.0,-6439.0,False,2
16376,0,336,0.0,-6439.0,False,2
16380,0,324,0.0,-6439.0,False,2
16384,0,323,0.0,-6439.0,False,2
16388,0,323,0.0,-6439.0,False,2
16392,0,323,0.0,-6439.0,False,2
16396,0,323,0.0,-6439.0,False,2
16400,0,323,0.0,-6439.0,False,2
16404,0,323,0.0,-6439.0,False,2
16408,0,323,0.0,-6439.0,False,2
16412,0,323,0.0,-6439.0,False,2
16416,0,323,0.0,-6439.0,False,2
16420,0,323,0.0,-6439.0,False,2
16424,0,323,0.0,-6439.0,False,2
16428,0,323,0.0,-6439.0,False,2
16432,0,323,0.0,-6439.0,False,2
16436,0,323,0.0,-6439.0,False,2
16440,0,323,0.0,-6439.0,False,2
16444,0,323,0.0,-6439.0,False,2
16448,0,323,0.0,-6439.0,False,2
16452,0,323,0.0,-6439.0,False,2
16456,0,323,0.0,-6439.0,False,2
16460,0,323,0.0,-6439.0,False,2
16464,0,323,0.0,-6439.0,False,2
16468,0,323,0.0,-6439.0,False,2
16472,0,323,0.0,-6439.0,False,2
16476,0,323,0.0,-6439.0,False,2
16480,0,323,0.0,-6439.0,False,2
16484,0,323,0.0,-6439.0,False,2
16488,0,323,0.0,-6439.0,False,2
16492,0,324,0.0,-6439.0,False,2
16496,0,326,2.0,-6437.0,False,2
16500,0,330,4.0,-6433.0,False,2
16504,0,335,5.0,-6428.0,False,2
16508,0,343,8.0,-6420.0,False,2
16512,0,352,9.0,-6411.0,False,2
16516,0,363,11.0,-6400.0,False,2
16520,0,375,12.0,-6388.0,False,2
16524,0,387,0.0,-6388.0,False,2
16528,0,399,12.0,-6376.0,False,2
16532,0,411,12.0,-6364.0,False,2
16536,0,423,12.0,-6352.0,False,2
16540,0,435,12.0,-6340.0,False,2
16544,0,447,12.0,-6328.0,False,2
16548,0,459,12.0,-6316.0,False,2
16552,0,471,12.0,-6304.0,False,2
16556,0,483,0.0,-6304.0,False,2
16560,0,495,12.0,-6292.0,False,2
16564,0,507,12.0,-6280.0,False,2
16568,0,519,12.0,-6268.0,False,2
16572,0,531,12.0,-6256.0,False,2
16576,0,543,12.0,-6244.0,False,2
16580,0,555,12.0,-6232.0,False,2
16584,0,567,12.0,-6220.0,False,2
16588,0,579,0.0,-6220.0,False,2
16592,0,591,12.0,-6208.0,False,2
16596,0,594,3.0,-6205.0,False,2
16600,0,594,0.0,-6205.0,False,2
16604,0,594,0.0,-6205.0,False,2
16608,0,594,0.0,-6205.0,False,2
16612,0,594,0.0,-6205.0,False,2
16616,0,594,0.0,-6205.0,False,2
16620,0,594,0.0,-6205.0,False,2
16624,0,595,1.0,-6204.0,False,2
16628,0,597,2.0,-6202.0,False,2
16632,0,600,3.0,-6199.0,False,2
16636,0,603,3.0,-6196.0,False,2
16640,0,608,5.0,-6191.0,False,2
16644,0,614,6.0,-6185.0,False,2
16648,0,621,7.0,-6178.0,False,2
16652,0,628,0.0,-6178.0,False,2
16656,0,635,7.0,-6171.0,False,2
16660,0,642,7.0,-6164.0,False,2
16664,0,649,7.0,-6157.0,False,2
16668,0,656,7.0,-6150.0,False,2
16672,0,663,7.0,-6143.0,False,2
16676,0,670,7.0,-6136.0,False,2
16680,0,677,7.0,-6129.0,False,2
16684,0,684,0.0,-6129.0,False,2
16688,0,691,7.0,-6122.0,False,2
16692,0,698,7.0,-6115.0,False,2
16696,0,698,0.0,-6115.0,False,2
16700,0,698,0.0,-6115.0,False,2
16704,0,698,0.0,-6115.0,False,2
16708,0,698,0.0,-6115.0,False,2
16712,0,698,0.0,-6115.0,False,2
16716,0,698,0.0,-6115.0,False,2
16720,0,698,0.0,-6115.0,False,2
16724,0,698,0.0,-6115.0,False,2
16728,0,698,0.0,-6115.0,False,2
16732,0,698,0.0,-6115.0,False,2
16736,0,698,0.0,-6115.0,False,2
16740,0,698,0.0,-6115.0,False,2
16744,0,698,0.0,-6115.0,False,2
16748,0,698,0.0,-6115.0,False,2
16752,0,698,0.0,-6115.0,False,2
16756,0,698,0.0,-6115.0,False,2
16760,0,698,0.0,-6115.0,False,2
16764,0,698,0.0,-6115.0,False,2
16768,0,698,0.0,-6115.0,False,2
16772,0,698,0.0,-6115.0,False,2
16776,0,698,0.0,-6115.0,False,2
16780,0,698,0.0,-6115.0,False,2
16784,0,698,0.0,-6115.0,False,2
16788,0,698,0.0,-6115.0,False,2
16792,0,698,0.0,-6115.0,False,2
16796,0,698,0.0,-6115.0,False,2
16800,0,698,0.0,-6115.0,False,2
16804,0,698,0.0,-6115.0,False,2
16808,0,698,0.0,-6115.0,False,2
16812,0,698,0.0,-6115.0,False,2
16816,0,698,0.0,-6115.0,False,2
16820,0,698,0.0,-6115.0,False,2
16824,0,698,0.0,-6115.0,False,2
16828,0,698,0.0,-6115.0,False,2
16832,0,698,0.0,-6115.0,False,2
16836,0,698,0.0,-6115.0,False,2
16840,0,698,0.0,-6115.0,False,2
16844,0,698,0.0,-6115.0,False,2
16848,0,698,0.0,-6115.0,False,2
16852,0,698,0.0,-6115.0,False,2
16856,0,698,0.0,-6115.0,False,2
16860,0,698,0.0,-6115.0,False,2
16864,0,698,0.0,-6115.0,False,2
16868,0,698,0.0,-6115.0,False,2
16872,0,698,0.0,-6115.0,False,2
16876,0,0,-100.0,-6215.0,False,0
16880,0,0,0.0,-6215.0,False,0
16884,0,0,0.0,-6215.0,False,0
16888,0,0,0.0,-6215.0,False,0
16892,0,0,0.0,-6215.0,False,0
16896,0,0,0.0,-6215.0,False,0
16900,0,0,0.0,-6215.0,False,0
16904,0,40,0.0,-6215.0,False,2
16908,0,40,0.0,-6215.0,False,2
16912,0,40,0.0,-6215.0,False,2
16916,0,40,0.0,-6215.0,False,2
16920,0,40,0.0,-6215.0,False,2
16924,0,40,0.0,-6215.0,False,2
16928,0,40,0.0,-6215.0,False,2
16932,0,40,0.0,-6215.0,False,2
16936,0,40,0.0,-6215.0,False,2
16940,0,40,0.0,-6215.0,False,2
16944,0,40,0.0,-6215.0,False,2
16948,0,40,0.0,-6215.0,False,2
16952,0,40,0.0,-6215.0,False,2
16956,0,40,0.0,-6215.0,False,2
16960,0,40,0.0,-6215.0,False,2
16964,0,40,0.0,-6215.0,False,2
16968,0,40,0.0,-6215.0,False,2
16972,0,40,0.0,-6215.0,False,2
16976,0,40,0.0,-6215.0,False,2
16980,0,40,0.0,-6215.0,False,2
16984,0,40,0.0,-6215.0,False,2
16988,0,40,0.0,-6215.0,False,2
16992,0,40,0.0,-6215.0,False,2
16996,0,40,0.0,-6215.0,False,2
17000,0,40,0.0,-6215.0,False,2
17004,0,40,0.0,-6215.0,False,2
17008,0,40,0.0,-6215.0,False,2
17012,0,40,0.0,-6215.0,False,2
17016,0,40,0.0,-6215.0,False,2
17020,0,40,0.0,-6215.0,False,2
17024,0,40,0.0,-6215.0,False,2
17028,0,40,0.0,-6215.0,False,2
17032,0,40,0.0,-6215.0,False,2
17036,0,40,0.0,-6215.0,False,2
17040,0,40,0.0,-6215.0,False,2
17044,0,40,0.0,-6215.0,False,2
17048,0,40,0.0,-6215.0,False,2
17052,0,40,0.0,-6215.0,False,2
17056,0,40,0.0,-6215.0,False,2
17060,0,40,0.0,-6215.0,False,2
17064,0,40,0.0,-6215.0,False,2
17068,0,40,0.0,-6215.0,False,2
17072,0,40,0.0,-6215.0,False,2
17076,0,40,0.0,-6215.0,False,2
17080,0,40,0.0,-6215.0,False,2
17084,0,40,0.0,-6215.0,False,2
17088,0,40,0.0,-6215.0,False,2
17092,0,40,0.0,-6215.0,False,2
17096,0,40,0.0,-6215.0,False,2
17100,0,40,0.0,-6215.0,False,2
17104,0,40,0.0,-6215.0,False,2
17108,0,40,0.0,-6215.0,False,2
17112,0,40,0.0,-6215.0,False,2
17116,0,40,0.0,-6215.0,False,2
17120,0,40,0.0,-6215.0,False,2
17124,0,40,0.0,-6215.0,False,2
17128,0,40,0.0,-6215.0,False,2
17132,0,40,0.0,-6215.0,False,2
17136,0,40,0.0,-6215.0,False,2
17140,0,40,0.0,-6215.0,False,2
17144,0,40,0.0,-6215.0,False,2
17148,0,40,0.0,-6215.0,False,2
17152,0,40,0.0,-6215.0,False,2
17156,0,40,0.0,-6215.0,False,2
17160,0,40,0.0,-6215.0,False,2
17164,0,40,0.0,-6215.0,False,2
17168,0,40,0.0,-6215.0,False,2
17172,0,40,0.0,-6215.0,False,2
17176,0,40,0.0,-6215.0,False,2
17180,0,40,0.0,-6215.0,False,2
17184,0,40,0.0,-6215.0,False,2
17188,0,40,0.0,-6215.0,False,2
17192,0,40,0.0,-6215.0,False,2
17196,0,40,0.0,-6215.0,False,2
17200,0,40,0.0,-6215.0,False,2
17204,0,40,0.0,-6215.0,False,2
17208,0,40,0.0,-6215.0,False,2
17212,0,40,0.0,-6215.0,False,2
17216,0,40,0.0,-6215.0,False,2
17220,0,40,0.0,-6215.0,False,2
17224,0,40,0.0,-6215.0,False,2
17228,0,40,0.0,-6215.0,False,2
17232,0,40,0.0,-6215.0,False,2
17236,0,40,0.0,-6215.0,False,2
17240,0,40,0.0,-6215.0,False,2
17244,0,40,0.0,-6215.0,False,2
17248,0,40,0.0,-6215.0,False,2
17252,0,40,0.0,-6215.0,False,2
17256,0,40,0.0,-6215.0,False,2
17260,0,40,0.0,-6215.0,False,2
17264,0,40,0.0,-6215.0,False,2
17268,0,40,0.0,-6215.0,False,2
17272,0,40,0.0,-6215.0,False,2
17276,0,40,0.0,-6215.0,False,2
17280,0,40,0.0,-6215.0,False,2
17284,0,40,0.0,-6215.0,False,2
17288,0,40,0.0,-6215.0,False,2
17292,0,40,0.0,-6215.0,False,2
17296,0,40,0.0,-6215.0,False,2
17300,0,40,0.0,-6215.0,False,2
17304,0,40,0.0,-6215.0,False,2
17308,0,42,2.0,-6213.0,False,2
17312,0,45,3.0,-6210.0,False,2
17316,0,49,4.0,-6206.0,False,2
17320,0,54,5.0,-6201.0,False,2
17324,0,60,6.0,-6195.0,False,2
17328,0,67,7.0,-6188.0,False,2
17332,0,74,7.0,-6181.0,False,2
17336,0,81,7.0,-6174.0,False,2
17340,0,88,7.0,-6167.0,False,2
17344,0,95,7.0,-6160.0,False,2
17348,0,102,7.0,-6153.0,False,2
17352,0,109,7.0,-6146.0,False,2
17356,0,116,7.0,-6139.0,False,2
17360,0,123,0.0,-6139.0,False,2
17364,0,130,7.0,-6132.0,False,2
17368,0,137,7.0,-6125.0,False,2
17372,0,144,7.0,-6118.0,False,2
17376,0,151,7.0,-6111.0,False,2
17380,0,158,7.0,-6104.0,False,2
17384,0,165,7.0,-6097.0,False,2
17388,0,172,7.0,-6090.0,False,2
17392,0,179,0.0,-6090.0,False,2
17396,0,186,7.0,-6083.0,False,2
17400,0,193,7.0,-6076.0,False,2
17404,0,200,7.0,-6069.0,False,2
17408,0,207,7.0,-6062.0,False,2
17412,0,214,7.0,-6055.0,False,2
17416,0,221,7.0,-6048.0,False,2
17420,0,228,7.0,-6041.0,False,2
17424,0,235,0.0,-6041.0,False,2
17428,0,242,7.0,-6034.0,False,2
17432,0,249,7.0,-6027.0,False,2
17436,0,256,7.0,-6020.0,False,2
17440,0,263,7.0,-6013.0,False,2
17444,0,270,7.0,-6006.0,False,2
17448,0,277,7.0,-5999.0,False,2
17452,0,284,7.0,-5992.0,False,2
17456,0,291,0.0,-5992.0,False,2
17460,0,298,7.0,-5985.0,False,2
17464,0,305,7.0,-5978.0,False,2
17468,0,306,1.0,-5977.0,False,2
17472,0,306,0.0,-5977.0,False,2
17476,0,305,0.0,-5977.0,False,2
17480,0,301,0.0,-5977.0,False,2
17484,0,296,0.0,-5977.0,False,2
17488,0,289,0.0,-5977.0,False,2
17492,0,282,0.0,-5977.0,False,2
17496,0,275,0.0,-5977.0,False,2
17500,0,269,0.0,-5977.0,False,2
17504,0,266,0.0,-5977.0,False,2
17508,0,265,0.0,-5977.0,False,2
17512,0,267,0.0,-5977.0,False,2
17516,0,270,0.0,-5977.0,False,2
17520,0,275,0.0,-5977.0,False,2
17524,0,282,7.0,-5970.0,False,2
17528,0,290,8.0,-5962.0,False,2
17532,0,300,10.0,-5952.0,False,2
17536,0,312,12.0,-5940.0,False,2
17540,0,324,12.0,-5928.0,False,2
17544,0,336,12.0,-5916.0,False,2
17548,0,348,12.0,-5904.0,False,2
17552,0,360,0.0,-5904.0,False,2
17556,0,372,12.0,-5892.0,False,2
17560,0,384,12.0,-5880.0,False,2
17564,0,396,12.0,-5868.0,False,2
17568,0,405,9.0,-5859.0,False,2
17572,0,414,9.0,-5850.0,False,2
17576,0,421,7.0,-5843.0,False,2
17580,0,428,7.0,-5836.0,False,2
17584,0,434,0.0,-5836.0,False,2
17588,0,434,0.0,-5836.0,False,2
17592,0,434,0.0,-5836.0,False,2
17596,0,434,0.0,-5836.0,False,2
17600,0,434,0.0,-5836.0,False,2
17604,0,434,0.0,-5836.0,False,2
17608,0,434,0.0,-5836.0,False,2
17612,0,434,0.0,-5836.0,False,2
17616,0,433,0.0,-5836.0,False,2
17620,0,430,0.0,-5836.0,False,2
17624,0,426,0.0,-5836.0,False,2
17628,0,419,0.0,-5836.0,False,2
17632,0,411,0.0,-5836.0,False,2
17636,0,402,0.0,-5836.0,False,2
17640,0,390,0.0,-5836.0,False,2
17644,0,378,0.0,-5836.0,False,2
17648,0,366,0.0,-5836.0,False,2
17652,0,354,0.0,-5836.0,False,2
17656,0,342,0.0,-5836.0,False,2
17660,0,330,0.0,-5836.0,False,2
17664,0,323,0.0,-5836.0,False,2
17668,0,323,0.0,-5836.0,False,2
17672,0,323,0.0,-5836.0,False,2
17676,0,323,0.0,-5836.0,False,2
17680,0,323,0.0,-5836.0,False,2
17684,0,323,0.0,-5836.0,False,2
17688,0,323,0.0,-5836.0,False,2
17692,0,323,0.0,-5836.0,False,2
17696,0,323,0.0,-5836.0,False,2
17700,0,323,0.0,-5836.0,False,2
17704,0,323,0.0,-5836.0,False,2
17708,0,323,0.0,-5836.0,False,2
17712,0,323,0.0,-5836.0,False,2
17716,0,323,0.0,-5836.0,False,2
17720,0,323,0.0,-5836.0,False,2
17724,0,323,0.0,-5836.0,False,2
17728,0,323,0.0,-5836.0,False,2
17732,0,323,0.0,-5836.0,False,2
17736,0,323,0.0,-5836.0,False,2
17740,0,323,0.0,-5836.0,False,2
17744,0,323,0.0,-5836.0,False,2
17748,0,323,0.0,-5836.0,False,2
17752,0,323,0.0,-5836.0,False,2
17756,0,323,0.0,-5836.0,False,2
17760,0,323,0.0,-5836.0,False,2
17764,0,323,0.0,-5836.0,False,2
17768,0,323,0.0,-5836.0,False,2
17772,0,323,0.0,-5836.0,False,2
17776,0,325,0.0,-5836.0,False,2
17780,0,328,3.0,-5833.0,False,2
17784,0,332,4.0,-5829.0,False,2
17788,0,339,7.0,-5822.0,False,2
17792,0,347,8.0,-5814.0,False,2
17796,0,357,10.0,-5804.0,False,2
17800,0,369,12.0,-5792.0,False,2
17804,0,381,12.0,-5780.0,False,2
17808,0,393,0.0,-5780.0,False,2
17812,0,405,12.0,-5768.0,False,2
17816,0,417,12.0,-5756.0,False,2
17820,0,429,12.0,-5744.0,False,2
17824,0,441,12.0,-5732.0,False,2
17828,0,453,12.0,-5720.0,False,2
17832,0,465,12.0,-5708.0,False,2
17836,0,477,12.0,-5696.0,False,2
17840,0,489,0.0,-5696.0,False,2
17844,0,501,12.0,-5684.0,False,2
17848,0,513,12.0,-5672.0,False,2
17852,0,525,12.0,-5660.0,False,2
17856,0,537,12.0,-5648.0,False,2
17860,0,549,12.0,-5636.0,False,2
17864,0,561,12.0,-5624.0,False,2
17868,0,573,12.0,-5612.0,False,2
